date,symbol,open,high,low,close,volume
2023-01-02,RELIANCE,993.03,999.8,988.91,990.99,1341869
2023-01-03,RELIANCE,976.41,991.69,964.12,986.32,1066171
2023-01-04,RELIANCE,992.28,1008.69,982.75,1005.76,1729236
2023-01-05,RELIANCE,1006.58,1011.11,1005.81,1009.69,1077009
2023-01-06,RELIANCE,1002.15,1006.4,999.51,1003.78,2285492
2023-01-09,RELIANCE,981.39,989.02,974.86,984.32,1981175
2023-01-10,RELIANCE,1005.02,1010.4,997.03,1003.21,1419287
2023-01-11,RELIANCE,1014.66,1029.36,991.78,1015.5,637786
2023-01-12,RELIANCE,1004.7,1010.99,1004.5,1010.66,1805531
2023-01-13,RELIANCE,1010.62,1016.84,1007.65,1015.06,1033095
2023-01-16,RELIANCE,999.67,1014.39,989.91,998.93,1428358
2023-01-17,RELIANCE,983.66,993.97,978.31,983.28,1252567
2023-01-18,RELIANCE,970.47,976.08,969.37,970.81,2296212
2023-01-19,RELIANCE,987.84,997.11,972.65,976.75,1993667
2023-01-20,RELIANCE,980.56,983.66,979.06,981.83,2323467
2023-01-23,RELIANCE,971.23,979.41,969.66,970.62,1165569
2023-01-24,RELIANCE,977.71,985.93,974.74,982.59,744071
2023-01-25,RELIANCE,993.68,999.24,986.76,995.45,697807
2023-01-26,RELIANCE,1001.29,1005.32,985.0,998.66,2099294
2023-01-27,RELIANCE,1018.74,1019.88,1009.37,1015.85,1938050
2023-01-30,RELIANCE,1010.86,1015.99,1009.56,1011.64,2254636
2023-01-31,RELIANCE,1012.27,1015.79,1008.61,1010.27,1838729
2023-02-01,RELIANCE,1018.69,1021.2,1013.65,1018.4,1263157
2023-02-02,RELIANCE,1008.73,1021.16,1003.41,1018.3,829272
2023-02-03,RELIANCE,1014.89,1038.14,1005.68,1031.79,1299317
2023-02-06,RELIANCE,1023.46,1023.76,998.98,1011.77,1910425
2023-02-07,RELIANCE,1039.88,1041.11,1029.74,1035.58,1836986
2023-02-08,RELIANCE,1022.88,1037.61,1020.22,1023.18,1721844
2023-02-09,RELIANCE,1012.07,1021.29,1004.09,1020.94,2250484
2023-02-10,RELIANCE,992.76,1005.53,982.26,999.14,1262189
2023-02-13,RELIANCE,1016.07,1016.53,1007.86,1009.23,1272166
2023-02-14,RELIANCE,1016.11,1034.24,1010.88,1030.48,1640818
2023-02-15,RELIANCE,1047.06,1052.59,1041.33,1048.76,1429849
2023-02-16,RELIANCE,1067.93,1074.94,1054.52,1063.31,1504966
2023-02-17,RELIANCE,1038.36,1038.45,1026.15,1037.62,1696974
2023-02-20,RELIANCE,1029.04,1034.02,1010.6,1025.17,2028335
2023-02-21,RELIANCE,1017.4,1021.53,1014.16,1018.07,922301
2023-02-22,RELIANCE,1015.42,1025.32,991.09,1003.41,2312700
2023-02-23,RELIANCE,1016.8,1023.16,1007.62,1022.06,1259156
2023-02-24,RELIANCE,1018.56,1034.89,1017.56,1025.54,1213663
2023-02-27,RELIANCE,1027.01,1029.18,1015.04,1025.6,1368195
2023-02-28,RELIANCE,1041.49,1048.66,1033.25,1034.1,762527
2023-03-01,RELIANCE,1018.65,1023.92,1008.02,1018.93,907610
2023-03-02,RELIANCE,1009.95,1011.12,1002.05,1004.68,1256264
2023-03-03,RELIANCE,988.43,1011.94,983.91,991.06,1100134
2023-03-06,RELIANCE,993.51,1006.02,984.9,999.43,1678974
2023-03-07,RELIANCE,1012.4,1020.5,1003.11,1005.36,1710439
2023-03-09,RELIANCE,1023.12,1025.0,1011.98,1015.16,1061541
2023-03-10,RELIANCE,1041.21,1048.32,1030.86,1033.29,2176620
2023-03-13,RELIANCE,1009.33,1020.98,1004.93,1011.55,878547
2023-03-14,RELIANCE,997.17,1009.83,991.21,1002.97,1184913
2023-03-15,RELIANCE,999.91,1009.2,994.06,1005.79,981588
2023-03-16,RELIANCE,983.65,991.18,982.33,984.76,1902472
2023-03-17,RELIANCE,979.7,982.95,971.35,976.85,2127458
2023-03-20,RELIANCE,995.8,997.35,993.25,993.28,2280280
2023-03-21,RELIANCE,1004.16,1014.39,1000.59,1011.41,1885122
2023-03-22,RELIANCE,1030.45,1032.06,1019.76,1029.45,873234
2023-03-23,RELIANCE,1030.71,1040.68,1029.3,1030.62,826054
2023-03-24,RELIANCE,1028.06,1039.91,1026.32,1027.59,784286
2023-03-27,RELIANCE,1045.84,1046.73,1031.42,1045.97,1139087
2023-03-28,RELIANCE,1039.17,1054.76,1015.71,1040.22,1153239
2023-03-29,RELIANCE,1049.44,1057.74,1037.56,1046.33,1087581
2023-03-30,RELIANCE,1069.92,1075.67,1046.35,1069.24,1972224
2023-03-31,RELIANCE,1064.64,1073.72,1062.98,1063.45,802394
2023-04-03,RELIANCE,1049.94,1055.47,1045.77,1053.58,965676
2023-04-04,RELIANCE,1055.98,1059.88,1048.0,1053.9,2110214
2023-04-05,RELIANCE,1063.87,1065.34,1061.13,1064.52,1956053
2023-04-06,RELIANCE,1061.9,1082.07,1054.93,1073.25,1120415
2023-04-07,RELIANCE,1079.01,1085.58,1060.88,1076.41,1557739
2023-04-10,RELIANCE,1085.09,1090.81,1082.02,1086.53,1616790
2023-04-11,RELIANCE,1064.45,1067.37,1057.73,1059.55,2060013
2023-04-12,RELIANCE,1044.7,1049.62,1035.7,1045.55,1288239
2023-04-14,RELIANCE,1048.25,1051.62,1044.37,1048.76,1342285
2023-04-17,RELIANCE,1034.85,1036.21,1030.03,1033.75,726211
2023-04-18,RELIANCE,1012.19,1013.35,1008.87,1012.25,733171
2023-04-19,RELIANCE,991.11,1005.8,989.17,993.33,665526
2023-04-20,RELIANCE,970.5,982.63,968.53,979.28,1675038
2023-04-21,RELIANCE,985.93,989.02,970.78,976.93,1850365
2023-04-24,RELIANCE,953.92,964.53,944.1,961.51,1400804
2023-04-25,RELIANCE,963.91,967.59,956.43,965.56,1730359
2023-04-26,RELIANCE,995.81,1005.33,983.95,992.57,2339885
2023-04-27,RELIANCE,992.56,997.8,988.0,990.68,1486097
2023-04-28,RELIANCE,1014.41,1016.28,1010.28,1011.54,1539430
2023-05-01,RELIANCE,1020.59,1020.73,1015.89,1016.68,919161
2023-05-02,RELIANCE,1005.39,1005.47,995.99,999.08,2191924
2023-05-03,RELIANCE,996.91,997.02,994.89,995.43,1212878
2023-05-04,RELIANCE,994.61,1002.0,976.13,980.36,1862834
2023-05-05,RELIANCE,987.89,994.95,975.05,992.92,1512524
2023-05-08,RELIANCE,976.32,990.7,969.3,975.21,2378263
2023-05-09,RELIANCE,994.72,997.04,986.83,996.52,988538
2023-05-10,RELIANCE,1003.49,1018.6,1001.83,1006.23,1138171
2023-05-11,RELIANCE,976.03,979.11,968.77,974.63,1637755
2023-05-12,RELIANCE,994.58,999.93,987.03,987.39,903664
2023-05-15,RELIANCE,1009.09,1015.14,986.79,1012.68,2111288
2023-05-16,RELIANCE,996.85,1004.61,985.84,1000.4,2235026
2023-05-17,RELIANCE,1020.44,1024.25,1010.83,1016.76,919924
2023-05-18,RELIANCE,991.05,993.56,987.52,988.36,1846086
2023-05-19,RELIANCE,1002.52,1006.18,981.89,992.81,2275945
2023-05-22,RELIANCE,972.17,975.61,965.41,967.2,1201995
2023-05-23,RELIANCE,976.25,987.66,964.09,975.13,1513968
2023-05-24,RELIANCE,946.49,952.71,937.72,948.06,1920523
2023-05-25,RELIANCE,910.34,913.46,902.76,909.36,2359761
2023-05-26,RELIANCE,914.75,924.65,913.41,915.55,869612
2023-05-29,RELIANCE,943.63,954.41,936.87,950.11,2341979
2023-05-30,RELIANCE,941.56,951.71,936.58,941.52,2294007
2023-05-31,RELIANCE,953.71,957.78,950.36,954.54,714976
2023-06-01,RELIANCE,955.55,965.63,951.73,956.67,2158044
2023-06-02,RELIANCE,950.11,966.59,948.65,952.16,1827215
2023-06-05,RELIANCE,970.14,983.65,959.72,962.01,2001470
2023-06-06,RELIANCE,991.51,1000.74,980.67,988.07,1037929
2023-06-07,RELIANCE,973.71,979.49,968.32,969.17,1855833
2023-06-08,RELIANCE,975.42,992.75,966.97,978.39,1717631
2023-06-09,RELIANCE,979.22,986.62,967.09,984.26,700675
2023-06-12,RELIANCE,961.15,973.17,947.59,962.51,2201245
2023-06-13,RELIANCE,989.35,997.87,984.5,988.15,1723569
2023-06-14,RELIANCE,1018.15,1033.94,1010.63,1019.91,1424731
2023-06-15,RELIANCE,1003.99,1009.6,996.27,1004.93,746987
2023-06-16,RELIANCE,1038.7,1048.96,1033.55,1033.73,1775235
2023-06-19,RELIANCE,1036.68,1045.69,1033.47,1035.13,1331317
2023-06-20,RELIANCE,1027.81,1038.71,1016.17,1032.89,1802082
2023-06-21,RELIANCE,1056.25,1073.58,1051.59,1058.52,1771320
2023-06-22,RELIANCE,1059.36,1063.46,1053.28,1062.85,937982
2023-06-23,RELIANCE,1069.81,1072.28,1067.15,1068.85,1631972
2023-06-26,RELIANCE,1089.22,1099.1,1076.04,1095.61,1366265
2023-06-27,RELIANCE,1117.93,1124.32,1109.01,1118.93,2111435
2023-06-28,RELIANCE,1139.48,1145.2,1128.61,1135.55,1124015
2023-06-29,RELIANCE,1111.04,1119.78,1107.36,1110.88,1127712
2023-06-30,RELIANCE,1078.82,1095.94,1071.01,1083.77,1469183
2023-07-03,RELIANCE,1100.57,1114.1,1095.86,1103.97,1048781
2023-07-04,RELIANCE,1088.89,1091.86,1077.54,1088.21,1972603
2023-07-05,RELIANCE,1093.93,1097.31,1088.91,1091.29,2105386
2023-07-06,RELIANCE,1077.67,1091.86,1070.85,1073.18,861014
2023-07-07,RELIANCE,1069.74,1074.03,1068.5,1070.51,1498351
2023-07-10,RELIANCE,1042.4,1051.16,1033.1,1049.31,1595612
2023-07-11,RELIANCE,1085.2,1095.94,1064.35,1077.52,2399391
2023-07-12,RELIANCE,1062.15,1066.9,1043.78,1060.57,1507432
2023-07-13,RELIANCE,1061.13,1070.15,1057.05,1058.98,1061068
2023-07-14,RELIANCE,1057.89,1066.12,1055.57,1056.27,1292946
2023-07-17,RELIANCE,1071.75,1079.02,1057.91,1077.34,687621
2023-07-18,RELIANCE,1051.93,1058.38,1049.1,1053.61,2115044
2023-07-19,RELIANCE,1054.88,1062.07,1049.11,1053.53,2047786
2023-07-20,RELIANCE,1055.9,1056.69,1050.01,1050.48,1230491
2023-07-21,RELIANCE,1060.22,1073.22,1052.91,1059.9,743662
2023-07-24,RELIANCE,1051.75,1085.95,1047.93,1068.41,2039813
2023-07-25,RELIANCE,1059.71,1069.36,1050.23,1060.99,729146
2023-07-26,RELIANCE,1067.43,1079.2,1063.63,1065.55,727236
2023-07-27,RELIANCE,1066.51,1069.6,1045.01,1059.66,654791
2023-07-28,RELIANCE,1071.9,1077.98,1060.73,1068.1,1390819
2023-07-31,RELIANCE,1080.12,1082.82,1060.23,1066.83,1963325
2023-08-01,RELIANCE,1063.7,1072.39,1044.39,1056.18,796089
2023-08-02,RELIANCE,1063.3,1068.61,1050.64,1056.19,1445589
2023-08-03,RELIANCE,1067.84,1073.85,1058.44,1062.83,2124156
2023-08-04,RELIANCE,1094.94,1104.21,1090.38,1102.56,1953569
2023-08-07,RELIANCE,1099.06,1100.62,1089.83,1094.42,1796130
2023-08-08,RELIANCE,1103.6,1104.78,1086.97,1100.3,1086779
2023-08-09,RELIANCE,1123.91,1136.31,1113.56,1126.87,982375
2023-08-10,RELIANCE,1093.71,1104.06,1088.93,1090.51,1270263
2023-08-11,RELIANCE,1063.21,1066.88,1059.08,1060.99,1270282
2023-08-14,RELIANCE,1039.05,1046.46,1036.83,1041.47,1341368
2023-08-15,RELIANCE,1039.4,1050.71,1036.44,1040.04,828940
2023-08-16,RELIANCE,1080.51,1096.16,1076.69,1081.93,876065
2023-08-17,RELIANCE,1090.47,1094.88,1081.25,1089.22,2193086
2023-08-18,RELIANCE,1108.62,1111.53,1104.55,1110.98,2303998
2023-08-21,RELIANCE,1110.55,1112.42,1104.5,1107.53,2206958
2023-08-22,RELIANCE,1054.99,1065.88,1053.53,1065.2,998907
2023-08-23,RELIANCE,1025.51,1035.46,1021.43,1026.96,2206330
2023-08-24,RELIANCE,1035.5,1068.1,1033.75,1044.3,2276589
2023-08-25,RELIANCE,1045.33,1056.64,1027.24,1047.86,1690071
2023-08-28,RELIANCE,1029.43,1033.54,1023.54,1026.78,2312074
2023-08-29,RELIANCE,1045.88,1058.31,1043.4,1045.77,1076013
2023-08-30,RELIANCE,1020.23,1024.71,1018.46,1020.8,1254379
2023-08-31,RELIANCE,1040.32,1052.49,1036.67,1039.96,1420697
2023-09-01,RELIANCE,1073.23,1073.61,1049.32,1064.87,1621604
2023-09-04,RELIANCE,1046.57,1056.86,1026.16,1052.39,1796713
2023-09-05,RELIANCE,1038.95,1043.5,1032.69,1034.36,1806457
2023-09-06,RELIANCE,1040.97,1063.58,1039.06,1048.9,1365716
2023-09-07,RELIANCE,1028.73,1031.97,1014.54,1031.14,2294099
2023-09-08,RELIANCE,1046.79,1057.77,1040.14,1045.93,704279
2023-09-11,RELIANCE,1022.21,1032.39,1018.19,1026.58,1098659
2023-09-12,RELIANCE,1041.47,1045.08,1038.14,1040.4,1545073
2023-09-13,RELIANCE,1046.23,1050.78,1039.56,1042.43,2238496
2023-09-14,RELIANCE,1029.52,1036.33,1018.08,1035.71,757681
2023-09-15,RELIANCE,1021.03,1023.06,1019.24,1021.43,1346161
2023-09-18,RELIANCE,1023.85,1026.38,1017.45,1025.78,1023156
2023-09-19,RELIANCE,985.97,1003.35,974.45,995.63,2332727
2023-09-20,RELIANCE,990.76,1004.11,987.59,991.69,2070657
2023-09-21,RELIANCE,981.94,993.06,981.64,985.87,1587552
2023-09-22,RELIANCE,1003.75,1005.35,977.58,997.08,1704800
2023-09-25,RELIANCE,973.43,979.45,971.06,977.71,1641007
2023-09-26,RELIANCE,1013.88,1018.16,1005.12,1005.34,2034601
2023-09-27,RELIANCE,998.12,1017.5,994.82,1000.79,2339092
2023-09-28,RELIANCE,992.7,1003.35,981.17,983.17,1822512
2023-09-29,RELIANCE,1008.38,1019.12,1002.77,1005.67,1979915
2023-10-02,RELIANCE,1035.6,1042.64,1030.81,1033.25,1783849
2023-10-03,RELIANCE,1034.77,1038.47,1026.4,1030.62,2355292
2023-10-04,RELIANCE,1021.07,1033.58,1015.54,1016.49,1045033
2023-10-05,RELIANCE,1024.34,1029.2,1013.53,1017.21,1314249
2023-10-06,RELIANCE,1015.2,1018.76,1002.27,1006.48,1874759
2023-10-09,RELIANCE,1000.18,1004.22,994.42,1001.92,1353210
2023-10-10,RELIANCE,1021.26,1028.83,1013.72,1027.68,827270
2023-10-11,RELIANCE,1020.79,1040.38,1017.65,1034.61,1912833
2023-10-12,RELIANCE,1035.48,1042.8,1030.09,1037.49,632747
2023-10-13,RELIANCE,1047.68,1048.36,1041.64,1043.72,747931
2023-10-16,RELIANCE,1045.19,1047.33,1042.16,1043.22,1210374
2023-10-17,RELIANCE,1058.44,1060.21,1047.96,1057.83,2376770
2023-10-18,RELIANCE,1071.42,1087.69,1055.58,1073.3,882024
2023-10-19,RELIANCE,1064.04,1068.63,1059.84,1067.45,2243291
2023-10-20,RELIANCE,1068.21,1070.53,1040.17,1069.73,1850980
2023-10-23,RELIANCE,1114.51,1120.97,1096.92,1112.35,1688939
2023-10-24,RELIANCE,1110.5,1128.98,1096.16,1120.38,1114212
2023-10-25,RELIANCE,1121.63,1131.43,1102.82,1117.56,925969
2023-10-26,RELIANCE,1146.91,1170.93,1142.65,1155.34,662285
2023-10-27,RELIANCE,1155.12,1165.69,1139.21,1156.03,1227297
2023-10-31,RELIANCE,1132.82,1141.42,1118.52,1136.42,1995997
2023-11-01,RELIANCE,1147.15,1160.44,1139.61,1149.27,2282466
2023-11-02,RELIANCE,1127.42,1144.45,1116.42,1133.36,2282907
2023-11-03,RELIANCE,1118.38,1125.71,1106.2,1124.88,779714
2023-11-06,RELIANCE,1129.96,1145.63,1122.83,1131.28,1879721
2023-11-07,RELIANCE,1123.35,1132.2,1120.45,1129.49,1283288
2023-11-08,RELIANCE,1129.99,1145.47,1115.66,1116.28,2319382
2023-11-09,RELIANCE,1104.65,1115.23,1101.83,1106.98,850690
2023-11-10,RELIANCE,1093.39,1109.13,1089.29,1097.02,2009530
2023-11-13,RELIANCE,1115.08,1122.13,1109.8,1118.18,1127506
2023-11-14,RELIANCE,1099.89,1116.78,1098.33,1105.85,2272926
2023-11-15,RELIANCE,1082.77,1104.56,1069.31,1096.27,711247
2023-11-16,RELIANCE,1131.63,1136.75,1118.0,1133.12,1811399
2023-11-17,RELIANCE,1125.34,1126.38,1099.38,1123.63,1568761
2023-11-20,RELIANCE,1142.55,1153.58,1130.82,1151.25,2012579
2023-11-21,RELIANCE,1176.26,1186.64,1171.02,1176.27,1090652
2023-11-22,RELIANCE,1166.78,1193.43,1165.36,1173.93,2031669
2023-11-23,RELIANCE,1147.84,1149.73,1143.45,1148.08,1470894
2023-11-24,RELIANCE,1158.99,1170.37,1153.93,1156.96,810042
2023-11-27,RELIANCE,1172.8,1176.7,1169.81,1170.0,612644
2023-11-28,RELIANCE,1191.34,1196.27,1186.53,1188.79,1175880
2023-11-29,RELIANCE,1186.46,1200.27,1176.42,1190.7,1090152
2023-11-30,RELIANCE,1219.71,1227.87,1205.78,1214.42,1710122
2023-12-01,RELIANCE,1239.46,1245.71,1234.1,1242.29,2253002
2023-12-04,RELIANCE,1224.15,1233.63,1208.55,1222.06,1178628
2023-12-05,RELIANCE,1255.25,1263.44,1249.75,1250.9,1926325
2023-12-06,RELIANCE,1253.0,1261.21,1246.31,1254.96,2171140
2023-12-07,RELIANCE,1236.17,1244.27,1231.47,1244.21,1195937
2023-12-08,RELIANCE,1242.19,1243.73,1229.27,1238.44,697698
2023-12-11,RELIANCE,1269.6,1280.92,1260.6,1276.78,2081637
2023-12-12,RELIANCE,1291.79,1298.25,1289.25,1297.63,830400
2023-12-13,RELIANCE,1254.57,1271.75,1239.87,1261.58,2315398
2023-12-14,RELIANCE,1269.1,1299.9,1254.12,1263.83,1189991
2023-12-15,RELIANCE,1260.49,1274.28,1252.3,1261.58,1360902
2023-12-18,RELIANCE,1244.4,1260.9,1242.37,1258.6,1217081
2023-12-19,RELIANCE,1253.41,1255.88,1237.11,1248.87,2353074
2023-12-20,RELIANCE,1233.24,1242.96,1196.96,1220.66,2098795
2023-12-21,RELIANCE,1249.25,1251.4,1222.01,1238.16,2057569
2023-12-22,RELIANCE,1216.71,1229.51,1212.71,1220.23,626952
2023-12-25,RELIANCE,1213.99,1215.44,1206.86,1213.58,1074163
2023-12-26,RELIANCE,1205.48,1216.75,1196.42,1202.48,2088923
2023-12-27,RELIANCE,1194.35,1214.34,1185.02,1189.09,1560093
2023-12-28,RELIANCE,1204.01,1205.7,1192.34,1203.86,2350468
2023-12-29,RELIANCE,1205.13,1215.45,1198.24,1211.82,1186682
2024-01-01,RELIANCE,1203.82,1213.73,1187.95,1199.36,689237
2024-01-02,RELIANCE,1185.47,1189.76,1175.65,1181.89,1212338
2024-01-03,RELIANCE,1165.71,1176.21,1156.57,1173.58,2313382
2024-01-04,RELIANCE,1190.16,1196.42,1187.02,1192.41,1864807
2024-01-05,RELIANCE,1196.9,1207.82,1193.17,1195.36,1788540
2024-01-08,RELIANCE,1200.28,1213.6,1196.38,1200.36,1288731
2024-01-09,RELIANCE,1197.68,1203.16,1180.78,1194.61,837473
2024-01-10,RELIANCE,1194.9,1197.82,1175.9,1190.23,1211259
2024-01-11,RELIANCE,1198.07,1208.88,1187.09,1194.9,2096339
2024-01-12,RELIANCE,1159.96,1163.01,1159.39,1160.69,1468340
2024-01-15,RELIANCE,1183.45,1195.57,1179.15,1191.55,814537
2024-01-16,RELIANCE,1180.72,1187.78,1172.47,1177.16,1924690
2024-01-17,RELIANCE,1175.14,1189.87,1162.63,1167.03,1291341
2024-01-18,RELIANCE,1204.54,1207.11,1192.25,1192.83,1233580
2024-01-19,RELIANCE,1197.35,1202.68,1183.42,1197.62,1029476
2024-01-22,RELIANCE,1198.68,1213.37,1195.59,1198.97,1486458
2024-01-23,RELIANCE,1196.89,1208.28,1184.95,1188.37,1291836
2024-01-24,RELIANCE,1167.84,1177.06,1133.23,1159.57,903177
2024-01-25,RELIANCE,1165.44,1182.49,1161.29,1163.53,862273
2024-01-26,RELIANCE,1190.68,1193.26,1184.16,1186.53,1250106
2024-01-29,RELIANCE,1165.57,1172.07,1157.83,1170.1,1282025
2024-01-30,RELIANCE,1199.85,1202.76,1188.59,1196.43,1192473
2024-01-31,RELIANCE,1170.64,1182.9,1164.7,1175.58,1623898
2024-02-01,RELIANCE,1161.45,1181.22,1151.36,1162.37,1437205
2024-02-02,RELIANCE,1171.55,1187.56,1153.4,1172.35,1435611
2024-02-05,RELIANCE,1170.05,1184.46,1158.97,1172.88,1137571
2024-02-06,RELIANCE,1173.84,1187.72,1167.58,1186.45,1538826
2024-02-07,RELIANCE,1168.05,1181.84,1165.27,1172.98,1720596
2024-02-08,RELIANCE,1156.14,1163.71,1142.08,1154.29,2207894
2024-02-09,RELIANCE,1120.41,1128.24,1113.49,1120.83,1102518
2024-02-12,RELIANCE,1097.7,1107.17,1094.19,1099.94,2132898
2024-02-13,RELIANCE,1083.89,1095.13,1076.72,1081.65,1611766
2024-02-14,RELIANCE,1061.28,1070.56,1057.17,1057.71,803109
2024-02-15,RELIANCE,1067.85,1083.9,1061.64,1063.42,687970
2024-02-16,RELIANCE,1048.33,1061.5,1043.34,1052.66,1922895
2024-02-19,RELIANCE,1020.19,1021.85,1009.04,1020.16,2167044
2024-02-20,RELIANCE,1060.13,1069.56,1033.44,1061.99,2033055
2024-02-21,RELIANCE,1043.68,1065.38,1036.46,1048.37,672664
2024-02-22,RELIANCE,1020.21,1048.43,1011.23,1027.98,2236671
2024-02-23,RELIANCE,1048.45,1049.48,1046.75,1049.05,999129
2024-02-26,RELIANCE,1064.52,1074.03,1061.9,1069.27,1307089
2024-02-27,RELIANCE,1061.45,1074.78,1031.43,1050.23,1543753
2024-02-28,RELIANCE,1025.62,1028.81,1022.97,1026.21,2261672
2024-02-29,RELIANCE,1009.16,1011.23,1005.62,1010.38,2043285
2024-03-01,RELIANCE,1027.13,1034.46,1026.51,1029.27,1602232
2024-03-04,RELIANCE,1034.14,1039.73,1019.42,1024.61,974939
2024-03-05,RELIANCE,1007.05,1014.52,1007.0,1011.9,1443540
2024-03-06,RELIANCE,1010.99,1017.55,1005.85,1011.89,791793
2024-03-07,RELIANCE,1027.98,1036.27,1017.92,1032.04,1514838
2024-03-08,RELIANCE,1009.09,1010.32,1008.62,1009.8,2041570
2024-03-12,RELIANCE,1003.81,1007.86,992.46,1004.07,1342143
2024-03-13,RELIANCE,987.85,999.79,974.75,982.53,763931
2024-03-14,RELIANCE,1010.45,1030.38,1005.4,1017.74,1842079
2024-03-15,RELIANCE,1048.06,1056.76,1036.21,1048.26,619455
2024-03-18,RELIANCE,1073.33,1080.06,1061.0,1064.81,1557144
2024-03-20,RELIANCE,1060.22,1069.48,1050.79,1063.02,2025603
2024-03-21,RELIANCE,1073.73,1078.6,1054.87,1074.77,2180626
2024-03-22,RELIANCE,1035.0,1052.79,1033.44,1039.69,945385
2024-03-25,RELIANCE,1031.01,1050.2,1020.83,1044.77,1444413
2024-03-26,RELIANCE,1022.51,1030.88,1011.47,1023.13,1422847
2024-03-27,RELIANCE,1007.93,1008.32,998.5,1002.13,694270
2024-03-28,RELIANCE,988.93,991.71,979.24,991.34,2064107
2024-03-29,RELIANCE,977.05,988.56,965.67,986.24,882042
2024-04-01,RELIANCE,997.03,1005.31,987.29,995.79,766110
2024-04-02,RELIANCE,1007.78,1017.15,1003.08,1007.47,1342935
2024-04-03,RELIANCE,1017.15,1021.19,1011.46,1012.17,1676566
2024-04-04,RELIANCE,1001.9,1004.21,987.12,997.44,1448882
2024-04-08,RELIANCE,1007.29,1022.17,988.74,1008.74,1139210
2024-04-09,RELIANCE,1009.17,1014.61,1002.19,1007.24,2064226
2024-04-10,RELIANCE,1017.58,1027.68,1014.95,1026.91,1649540
2024-04-11,RELIANCE,1017.96,1024.3,1008.5,1012.4,1663019
2024-04-12,RELIANCE,969.87,973.42,950.71,969.05,705495
2024-04-15,RELIANCE,967.26,975.17,944.56,962.12,905004
2024-04-16,RELIANCE,1001.47,1001.91,992.64,996.27,1731732
2024-04-17,RELIANCE,1002.69,1010.88,999.62,1004.22,1144215
2024-04-18,RELIANCE,1000.72,1024.61,990.34,1001.55,1409621
2024-04-19,RELIANCE,1011.74,1026.5,1002.4,1016.27,1565161
2024-04-22,RELIANCE,1014.27,1037.85,1009.76,1024.95,2068866
2024-04-23,RELIANCE,1032.24,1034.93,1020.78,1033.01,2028135
2024-04-24,RELIANCE,1025.71,1027.78,1019.56,1025.01,1482404
2024-04-25,RELIANCE,1021.06,1037.49,1017.77,1026.73,1875926
2024-04-26,RELIANCE,1034.08,1034.84,1019.6,1030.5,1371139
2024-04-29,RELIANCE,1020.83,1030.93,1014.42,1020.42,1752628
2024-04-30,RELIANCE,1004.95,1023.24,997.02,1002.77,1610255
2024-05-01,RELIANCE,1001.5,1007.34,995.09,1005.45,1059962
2024-05-03,RELIANCE,1012.51,1024.39,1002.1,1021.61,676019
2024-05-06,RELIANCE,1036.64,1039.44,1027.7,1032.71,1626814
2024-05-07,RELIANCE,1044.47,1056.39,1026.36,1041.38,2122179
2024-05-08,RELIANCE,1049.62,1055.0,1047.94,1050.28,1041686
2024-05-09,RELIANCE,1092.71,1097.74,1087.97,1095.11,1787489
2024-05-10,RELIANCE,1098.55,1113.51,1097.02,1100.17,717472
2024-05-13,RELIANCE,1118.31,1128.39,1114.16,1119.17,1262607
2024-05-14,RELIANCE,1152.25,1162.66,1150.96,1155.29,1965476
2024-05-15,RELIANCE,1145.06,1167.78,1128.58,1156.79,1976159
2024-05-16,RELIANCE,1166.68,1169.98,1159.28,1162.22,1770274
2024-05-17,RELIANCE,1173.39,1187.18,1171.52,1182.33,1197267
2024-05-20,RELIANCE,1213.11,1216.38,1204.74,1215.24,2378988
2024-05-21,RELIANCE,1219.91,1234.72,1206.77,1221.89,1272685
2024-05-22,RELIANCE,1231.06,1233.12,1219.06,1229.56,1944973
2024-05-23,RELIANCE,1221.86,1235.79,1217.1,1231.9,1518406
2024-05-24,RELIANCE,1216.11,1221.99,1192.4,1208.91,1054682
2024-05-27,RELIANCE,1235.22,1235.98,1218.0,1231.28,2137334
2024-05-28,RELIANCE,1231.5,1250.91,1221.86,1226.87,650467
2024-05-29,RELIANCE,1201.6,1201.9,1190.46,1194.12,1339189
2024-05-30,RELIANCE,1187.07,1204.84,1185.59,1191.91,1374539
2024-05-31,RELIANCE,1141.69,1177.53,1131.58,1159.95,1835610
2024-06-03,RELIANCE,1143.79,1151.27,1131.75,1141.96,1212002
2024-06-04,RELIANCE,1150.3,1150.67,1132.55,1142.86,1712755
2024-06-05,RELIANCE,1133.21,1145.75,1120.2,1126.73,1528205
2024-06-06,RELIANCE,1143.67,1152.35,1128.82,1146.79,1209580
2024-06-07,RELIANCE,1120.18,1120.75,1105.03,1120.75,1274141
2024-06-10,RELIANCE,1127.65,1140.04,1124.25,1126.09,2259733
2024-06-11,RELIANCE,1126.49,1139.0,1117.85,1136.81,686384
2024-06-12,RELIANCE,1160.42,1167.67,1156.05,1164.34,2179720
2024-06-13,RELIANCE,1178.53,1194.81,1176.95,1182.33,723230
2024-06-14,RELIANCE,1196.8,1197.03,1173.9,1187.44,1669162
2024-06-17,RELIANCE,1185.75,1199.46,1175.84,1189.66,1245486
2024-06-18,RELIANCE,1198.55,1200.7,1178.36,1189.24,1243637
2024-06-19,RELIANCE,1211.88,1215.64,1203.14,1211.82,1660409
2024-06-20,RELIANCE,1189.78,1205.59,1187.79,1199.87,2385561
2024-06-21,RELIANCE,1224.04,1226.79,1204.0,1210.63,915933
2024-06-24,RELIANCE,1203.66,1218.62,1190.67,1209.55,2159202
2024-06-25,RELIANCE,1218.7,1222.02,1205.42,1214.95,923064
2024-06-26,RELIANCE,1220.92,1231.03,1205.08,1210.6,1540755
2024-06-27,RELIANCE,1250.09,1258.25,1234.43,1253.44,1017506
2024-06-28,RELIANCE,1233.46,1249.27,1224.58,1241.1,2133624
2024-07-01,RELIANCE,1253.4,1261.06,1244.57,1246.91,1935103
2024-07-02,RELIANCE,1253.62,1260.47,1229.44,1253.21,2318865
2024-07-03,RELIANCE,1258.48,1270.53,1248.23,1266.25,1975565
2024-07-04,RELIANCE,1269.32,1289.86,1267.72,1276.22,1697888
2024-07-05,RELIANCE,1283.23,1287.74,1277.09,1285.73,1477059
2024-07-08,RELIANCE,1313.22,1325.3,1285.95,1306.92,791621
2024-07-09,RELIANCE,1274.81,1289.58,1273.91,1276.64,698106
2024-07-10,RELIANCE,1281.84,1282.55,1274.77,1277.66,2182317
2024-07-11,RELIANCE,1263.85,1270.21,1242.33,1253.49,2292688
2024-07-12,RELIANCE,1266.96,1270.22,1248.33,1258.97,2320660
2024-07-15,RELIANCE,1245.05,1255.4,1229.48,1236.17,2163805
2024-07-16,RELIANCE,1225.61,1226.79,1211.92,1218.11,1630624
2024-07-17,RELIANCE,1207.93,1223.35,1205.61,1217.72,1142553
2024-07-18,RELIANCE,1253.66,1254.19,1242.31,1246.04,720921
2024-07-19,RELIANCE,1260.49,1261.5,1256.05,1258.42,615746
2024-07-22,RELIANCE,1264.45,1268.84,1254.25,1265.24,835475
2024-07-23,RELIANCE,1287.79,1299.37,1273.69,1294.82,1485378
2024-07-24,RELIANCE,1266.08,1288.37,1263.96,1276.22,997168
2024-07-25,RELIANCE,1228.16,1241.7,1225.82,1235.02,902761
2024-07-26,RELIANCE,1227.35,1230.78,1211.64,1227.48,1154514
2024-07-29,RELIANCE,1215.66,1227.32,1213.48,1222.84,1284068
2024-07-30,RELIANCE,1242.97,1248.7,1239.73,1248.07,1685149
2024-07-31,RELIANCE,1288.4,1319.39,1279.86,1292.38,1319985
2024-08-01,RELIANCE,1270.24,1281.41,1261.73,1266.02,2248279
2024-08-02,RELIANCE,1316.14,1319.08,1311.95,1318.08,1160759
2024-08-05,RELIANCE,1351.41,1360.1,1344.51,1352.4,1129004
2024-08-06,RELIANCE,1380.68,1395.29,1366.67,1371.58,2244016
2024-08-07,RELIANCE,1378.39,1384.49,1377.99,1380.61,893004
2024-08-08,RELIANCE,1440.52,1460.78,1429.53,1436.22,1301147
2024-08-09,RELIANCE,1431.43,1440.03,1418.08,1439.03,1913441
2024-08-12,RELIANCE,1431.48,1431.95,1418.95,1429.13,801802
2024-08-13,RELIANCE,1434.13,1458.51,1429.38,1433.28,1624428
2024-08-14,RELIANCE,1404.39,1425.11,1381.66,1403.16,1634861
2024-08-15,RELIANCE,1411.45,1432.19,1394.82,1414.75,1876173
2024-08-16,RELIANCE,1405.94,1415.03,1401.3,1413.22,2198894
2024-08-19,RELIANCE,1419.54,1432.24,1412.31,1421.67,2021249
2024-08-20,RELIANCE,1427.51,1434.21,1399.17,1430.85,1016517
2024-08-21,RELIANCE,1415.04,1417.03,1400.63,1407.77,1479439
2024-08-22,RELIANCE,1445.23,1458.33,1432.13,1438.7,1513576
2024-08-23,RELIANCE,1407.97,1417.47,1403.12,1416.49,1066325
2024-08-26,RELIANCE,1442.24,1454.45,1436.19,1437.73,1280133
2024-08-27,RELIANCE,1399.13,1403.35,1390.05,1402.49,1877033
2024-08-28,RELIANCE,1415.05,1419.63,1404.82,1411.81,1816000
2024-08-29,RELIANCE,1391.0,1396.73,1381.66,1394.36,1451879
2024-08-30,RELIANCE,1385.99,1401.81,1372.09,1396.27,1162288
2024-09-02,RELIANCE,1389.76,1391.01,1379.32,1382.74,1530016
2024-09-03,RELIANCE,1339.21,1353.9,1325.88,1336.19,1059263
2024-09-04,RELIANCE,1305.42,1325.67,1294.94,1313.47,1173572
2024-09-05,RELIANCE,1303.38,1333.19,1301.51,1315.82,2329376
2024-09-06,RELIANCE,1326.39,1330.02,1318.02,1329.95,1453166
2024-09-09,RELIANCE,1292.27,1317.59,1286.46,1299.95,2082039
2024-09-10,RELIANCE,1255.08,1268.02,1251.42,1257.37,1836295
2024-09-11,RELIANCE,1244.65,1257.96,1224.5,1240.8,1865684
2024-09-12,RELIANCE,1246.56,1259.18,1233.76,1237.47,812836
2024-09-13,RELIANCE,1223.67,1232.85,1208.61,1225.85,1781217
2024-09-16,RELIANCE,1219.26,1220.57,1209.34,1210.92,1993398
2024-09-17,RELIANCE,1235.52,1261.65,1203.18,1228.37,2280817
2024-09-18,RELIANCE,1245.66,1254.28,1244.99,1248.37,1676199
2024-09-19,RELIANCE,1253.62,1270.48,1246.31,1264.15,702849
2024-09-20,RELIANCE,1251.51,1266.9,1241.33,1246.19,2283810
2024-09-23,RELIANCE,1252.39,1272.84,1236.53,1248.58,1392971
2024-09-24,RELIANCE,1260.25,1273.14,1234.77,1245.59,2327245
2024-09-25,RELIANCE,1227.03,1229.4,1202.89,1218.31,1721297
2024-09-26,RELIANCE,1241.34,1253.17,1220.47,1236.49,1272738
2024-09-27,RELIANCE,1249.57,1275.69,1227.06,1239.1,831873
2024-09-30,RELIANCE,1223.95,1244.73,1216.06,1230.38,718636
2024-10-01,RELIANCE,1260.72,1275.72,1253.64,1259.48,2391926
2024-10-02,RELIANCE,1274.13,1299.23,1273.87,1275.85,1591950
2024-10-03,RELIANCE,1305.65,1307.56,1292.43,1294.35,1835384
2024-10-04,RELIANCE,1324.12,1335.71,1294.01,1320.36,1222437
2024-10-07,RELIANCE,1316.13,1353.46,1309.85,1336.54,1966439
2024-10-08,RELIANCE,1319.68,1324.8,1307.93,1310.67,1038205
2024-10-09,RELIANCE,1297.57,1307.71,1286.87,1303.44,2338965
2024-10-10,RELIANCE,1330.65,1331.46,1315.31,1325.45,860050
2024-10-11,RELIANCE,1307.06,1311.56,1303.39,1310.14,1640656
2024-10-14,RELIANCE,1313.49,1319.41,1299.82,1311.82,794751
2024-10-15,RELIANCE,1325.37,1337.1,1315.45,1321.1,2243422
2024-10-16,RELIANCE,1354.24,1355.57,1349.32,1352.85,1897616
2024-10-17,RELIANCE,1375.69,1391.09,1362.71,1382.2,1271329
2024-10-21,RELIANCE,1413.07,1436.23,1394.08,1403.17,1605577
2024-10-22,RELIANCE,1402.81,1413.64,1394.18,1399.94,2258849
2024-10-23,RELIANCE,1421.52,1432.79,1402.98,1421.54,1061432
2024-10-24,RELIANCE,1439.74,1446.3,1428.19,1434.57,1513135
2024-10-25,RELIANCE,1428.1,1453.75,1421.04,1431.82,1003241
2024-10-28,RELIANCE,1478.17,1480.9,1461.38,1464.25,1995570
2024-10-29,RELIANCE,1478.64,1492.34,1455.9,1476.86,1449057
2024-10-30,RELIANCE,1462.86,1465.69,1457.06,1460.07,1088921
2024-10-31,RELIANCE,1493.66,1505.42,1488.66,1490.94,1770292
2024-11-01,RELIANCE,1479.19,1492.46,1474.44,1485.85,1457350
2024-11-04,RELIANCE,1492.33,1509.97,1481.64,1501.01,914388
2024-11-05,RELIANCE,1467.52,1473.03,1464.29,1465.8,1601389
2024-11-06,RELIANCE,1469.01,1474.54,1458.41,1466.29,1652521
2024-11-07,RELIANCE,1455.05,1471.98,1417.75,1445.19,1527934
2024-11-08,RELIANCE,1427.12,1440.23,1403.29,1423.77,1868329
2024-11-11,RELIANCE,1374.39,1387.49,1366.27,1381.78,2262142
2024-11-12,RELIANCE,1434.79,1445.92,1425.7,1430.89,658447
2024-11-15,RELIANCE,1434.4,1452.9,1426.88,1428.35,1422503
2024-11-18,RELIANCE,1442.03,1454.47,1417.53,1434.7,2373930
2024-11-19,RELIANCE,1463.84,1497.11,1454.26,1461.26,2176810
2024-11-20,RELIANCE,1450.54,1466.61,1441.44,1459.31,2301290
2024-11-21,RELIANCE,1480.94,1488.11,1471.17,1472.25,799999
2024-11-22,RELIANCE,1436.32,1443.34,1430.25,1441.46,1168850
2024-11-25,RELIANCE,1451.17,1462.01,1429.08,1446.87,978853
2024-11-26,RELIANCE,1427.02,1442.18,1426.26,1438.19,1149385
2024-11-27,RELIANCE,1456.32,1465.39,1446.47,1450.63,916259
2024-11-28,RELIANCE,1450.13,1457.59,1436.81,1455.71,2339613
2024-11-29,RELIANCE,1432.49,1436.06,1404.64,1424.64,929110
2024-12-02,RELIANCE,1396.21,1398.88,1377.78,1383.87,1516582
2024-12-03,RELIANCE,1370.48,1371.1,1350.08,1362.39,1654110
2024-12-04,RELIANCE,1371.44,1397.21,1362.65,1379.36,1750572
2024-12-05,RELIANCE,1383.16,1414.01,1375.47,1389.59,783318
2023-01-02,TCS,1003.43,1016.99,1003.07,1013.13,652739
2023-01-03,TCS,1013.27,1025.15,999.58,1010.47,1036984
2023-01-04,TCS,1037.82,1039.4,1027.25,1033.89,1724371
2023-01-05,TCS,1031.07,1035.13,1027.2,1031.89,763094
2023-01-06,TCS,1024.85,1031.05,1022.57,1024.89,601721
2023-01-09,TCS,1020.51,1032.97,1012.51,1029.4,617703
2023-01-10,TCS,1023.84,1027.61,1014.29,1019.96,763600
2023-01-11,TCS,1047.12,1058.94,1033.91,1043.15,1636330
2023-01-12,TCS,1034.31,1052.98,1026.07,1049.02,1232943
2023-01-13,TCS,1053.07,1058.76,1043.78,1056.31,1883192
2023-01-17,TCS,1064.81,1069.11,1054.44,1063.13,2029615
2023-01-18,TCS,1067.01,1074.67,1048.66,1058.31,732985
2023-01-19,TCS,1062.91,1069.88,1056.84,1067.7,691179
2023-01-20,TCS,1071.54,1075.5,1068.36,1071.91,1962885
2023-01-23,TCS,1111.72,1116.91,1098.13,1103.76,1133709
2023-01-24,TCS,1108.64,1117.16,1103.92,1106.17,1281006
2023-01-25,TCS,1112.81,1117.71,1112.58,1114.2,1066984
2023-01-26,TCS,1104.89,1110.13,1102.81,1107.51,961568
2023-01-27,TCS,1102.44,1104.42,1093.1,1102.41,1903374
2023-01-30,TCS,1094.04,1104.33,1086.41,1098.57,2282252
2023-01-31,TCS,1128.8,1143.0,1123.1,1123.21,743949
2023-02-01,TCS,1121.44,1134.58,1121.03,1126.46,1103794
2023-02-02,TCS,1149.19,1151.27,1132.96,1146.02,1752467
2023-02-03,TCS,1148.5,1162.24,1132.43,1143.21,1000363
2023-02-06,TCS,1145.47,1150.63,1123.09,1138.58,1527058
2023-02-07,TCS,1106.76,1111.5,1105.78,1106.03,2198518
2023-02-08,TCS,1123.1,1141.16,1106.44,1122.86,1999835
2023-02-09,TCS,1164.84,1187.49,1154.62,1162.67,2191960
2023-02-10,TCS,1161.43,1162.67,1151.98,1160.63,1256912
2023-02-13,TCS,1196.76,1197.8,1169.67,1189.87,975142
2023-02-14,TCS,1208.27,1214.13,1188.08,1208.51,1252153
2023-02-15,TCS,1209.69,1224.06,1192.28,1197.7,2306624
2023-02-16,TCS,1232.32,1232.43,1210.6,1214.83,1343808
2023-02-17,TCS,1196.47,1200.5,1188.75,1199.92,2075771
2023-02-20,TCS,1199.45,1205.78,1187.06,1196.58,2314910
2023-02-21,TCS,1215.99,1233.07,1191.87,1222.64,2188489
2023-02-22,TCS,1233.34,1239.01,1221.84,1228.27,1910847
2023-02-23,TCS,1210.87,1221.92,1197.76,1207.92,1691222
2023-02-24,TCS,1237.16,1240.5,1226.65,1238.07,884502
2023-02-27,TCS,1213.02,1224.8,1205.83,1218.99,1606651
2023-02-28,TCS,1218.91,1227.71,1214.67,1218.35,1412376
2023-03-01,TCS,1226.75,1244.72,1206.23,1214.11,1937540
2023-03-02,TCS,1223.63,1229.75,1211.72,1213.46,1924045
2023-03-03,TCS,1202.2,1206.57,1197.93,1199.51,1790353
2023-03-06,TCS,1167.67,1184.55,1155.97,1170.94,2368384
2023-03-07,TCS,1208.87,1218.43,1202.78,1208.67,1586417
2023-03-08,TCS,1188.49,1203.95,1182.81,1192.95,1867025
2023-03-09,TCS,1170.9,1183.51,1163.63,1178.58,730972
2023-03-10,TCS,1130.65,1140.16,1126.95,1135.79,1195050
2023-03-13,TCS,1143.47,1157.99,1139.03,1139.71,1084092
2023-03-14,TCS,1167.87,1174.61,1163.64,1165.81,1085058
2023-03-15,TCS,1195.95,1207.26,1194.3,1194.62,674019
2023-03-16,TCS,1244.49,1254.15,1229.46,1251.16,1239929
2023-03-17,TCS,1275.31,1290.59,1267.95,1284.15,1233149
2023-03-20,TCS,1302.08,1303.82,1285.44,1295.25,1158527
2023-03-21,TCS,1296.42,1302.45,1290.6,1298.52,1962828
2023-03-22,TCS,1339.65,1346.54,1326.4,1331.47,1374860
2023-03-23,TCS,1328.81,1349.24,1321.01,1333.56,1820407
2023-03-24,TCS,1347.49,1358.67,1340.35,1340.67,1028059
2023-03-27,TCS,1324.96,1343.48,1316.39,1323.13,1847854
2023-03-28,TCS,1325.44,1346.19,1321.47,1328.1,946946
2023-03-29,TCS,1370.9,1378.98,1363.77,1373.63,1736177
2023-03-30,TCS,1388.49,1405.04,1369.06,1375.0,1092078
2023-03-31,TCS,1393.46,1397.96,1386.4,1386.74,2347403
2023-04-03,TCS,1335.75,1347.54,1332.79,1337.28,888388
2023-04-04,TCS,1370.66,1400.39,1368.03,1369.27,2082388
2023-04-05,TCS,1369.83,1394.37,1368.46,1380.36,2006700
2023-04-06,TCS,1427.24,1429.26,1401.3,1414.77,1100512
2023-04-07,TCS,1433.36,1439.33,1418.26,1423.12,2024303
2023-04-10,TCS,1404.0,1422.56,1398.77,1406.63,1980104
2023-04-11,TCS,1382.37,1388.98,1373.44,1378.96,1311898
2023-04-12,TCS,1373.51,1405.77,1366.13,1392.61,1622609
2023-04-13,TCS,1401.51,1414.26,1375.97,1394.44,1477973
2023-04-14,TCS,1378.64,1387.7,1372.25,1375.15,1026726
2023-04-17,TCS,1377.88,1381.56,1363.9,1375.84,1719954
2023-04-18,TCS,1369.8,1377.51,1353.28,1363.93,1987863
2023-04-19,TCS,1383.81,1402.73,1375.08,1381.53,809856
2023-04-20,TCS,1367.64,1383.45,1359.75,1374.19,1549949
2023-04-21,TCS,1344.53,1361.53,1342.61,1349.11,906554
2023-04-24,TCS,1347.49,1364.49,1343.97,1348.62,1897843
2023-04-25,TCS,1343.99,1350.44,1336.0,1337.84,1613483
2023-04-26,TCS,1371.13,1371.2,1356.48,1370.91,1898401
2023-04-27,TCS,1357.19,1368.87,1355.23,1361.75,1495560
2023-04-28,TCS,1336.62,1339.73,1333.27,1334.19,1831252
2023-05-01,TCS,1325.4,1335.47,1315.95,1333.65,1770383
2023-05-02,TCS,1342.63,1367.35,1326.67,1328.74,887944
2023-05-03,TCS,1336.88,1341.84,1328.4,1334.85,1549293
2023-05-04,TCS,1333.09,1348.78,1318.36,1339.73,1497520
2023-05-05,TCS,1319.08,1325.17,1310.2,1317.99,603337
2023-05-08,TCS,1324.06,1338.7,1308.81,1316.94,2373970
2023-05-09,TCS,1318.27,1321.46,1299.61,1314.71,2047508
2023-05-10,TCS,1302.84,1313.57,1280.58,1289.65,1520337
2023-05-11,TCS,1268.58,1285.02,1253.77,1277.72,833682
2023-05-12,TCS,1291.79,1291.91,1271.21,1281.55,1309069
2023-05-15,TCS,1248.8,1253.22,1242.8,1248.99,1086145
2023-05-16,TCS,1232.52,1235.12,1215.18,1227.09,1236832
2023-05-17,TCS,1227.91,1234.39,1211.62,1217.41,1178796
2023-05-18,TCS,1207.63,1219.63,1205.42,1214.97,1487713
2023-05-19,TCS,1215.46,1227.03,1211.05,1224.17,824138
2023-05-22,TCS,1194.72,1212.7,1190.42,1197.07,1506588
2023-05-23,TCS,1191.83,1208.82,1190.47,1201.88,655311
2023-05-24,TCS,1200.64,1226.51,1197.55,1212.94,796306
2023-05-25,TCS,1242.74,1247.88,1233.98,1242.23,1031210
2023-05-26,TCS,1240.07,1254.51,1231.24,1232.85,1069257
2023-05-29,TCS,1210.95,1228.13,1210.52,1213.86,1451976
2023-05-31,TCS,1186.4,1203.64,1176.07,1183.4,1444713
2023-06-01,TCS,1214.89,1219.51,1178.63,1192.82,1172194
2023-06-02,TCS,1218.62,1237.19,1192.99,1216.55,1015587
2023-06-05,TCS,1200.37,1204.52,1189.79,1202.2,1483540
2023-06-06,TCS,1208.8,1213.68,1206.09,1209.76,1548109
2023-06-07,TCS,1228.33,1231.3,1224.51,1225.64,1179697
2023-06-08,TCS,1241.99,1263.14,1231.44,1243.73,2254073
2023-06-09,TCS,1239.55,1247.43,1232.57,1235.22,980155
2023-06-12,TCS,1249.01,1260.67,1241.05,1247.59,1333706
2023-06-13,TCS,1252.25,1258.37,1236.94,1246.43,2097814
2023-06-14,TCS,1228.74,1229.5,1221.95,1227.75,957847
2023-06-15,TCS,1232.68,1234.45,1226.55,1233.11,1887640
2023-06-16,TCS,1234.87,1247.09,1224.93,1240.6,1991089
2023-06-19,TCS,1213.72,1236.41,1208.71,1222.16,614500
2023-06-20,TCS,1229.77,1231.72,1228.45,1231.46,1584258
2023-06-21,TCS,1269.67,1283.34,1259.74,1272.08,2318338
2023-06-22,TCS,1244.6,1259.3,1230.74,1242.77,1061619
2023-06-23,TCS,1257.24,1273.13,1241.45,1257.65,2051406
2023-06-27,TCS,1274.64,1291.31,1266.97,1277.06,779014
2023-06-28,TCS,1293.67,1302.53,1265.23,1279.06,1674371
2023-06-29,TCS,1288.85,1290.56,1269.41,1286.71,1305013
2023-06-30,TCS,1290.15,1295.46,1274.01,1282.24,1660991
2023-07-04,TCS,1304.56,1321.36,1294.89,1311.23,1557753
2023-07-05,TCS,1299.16,1306.23,1282.7,1292.53,1496240
2023-07-06,TCS,1298.14,1304.39,1282.95,1290.44,1541248
2023-07-07,TCS,1254.58,1271.45,1246.54,1251.67,832669
2023-07-10,TCS,1253.13,1261.76,1247.17,1258.67,1589012
2023-07-11,TCS,1274.72,1284.55,1266.24,1266.64,1169050
2023-07-12,TCS,1229.13,1234.47,1221.16,1233.53,1520191
2023-07-13,TCS,1207.29,1218.82,1201.04,1216.73,1048550
2023-07-14,TCS,1216.28,1245.48,1213.3,1226.21,2191711
2023-07-17,TCS,1217.17,1219.16,1207.83,1216.71,1080356
2023-07-18,TCS,1190.47,1217.22,1189.75,1193.36,1509402
2023-07-19,TCS,1151.17,1152.36,1138.5,1146.48,1377777
2023-07-20,TCS,1156.6,1158.84,1137.89,1152.65,926599
2023-07-21,TCS,1196.9,1215.05,1186.28,1188.65,744360
2023-07-24,TCS,1181.7,1184.82,1170.32,1179.64,1988330
2023-07-25,TCS,1188.22,1198.85,1181.91,1187.49,1497868
2023-07-26,TCS,1195.15,1196.78,1183.42,1195.04,1847487
2023-07-27,TCS,1188.32,1211.19,1183.28,1192.99,2031786
2023-07-28,TCS,1189.44,1197.31,1178.08,1194.37,1763052
2023-07-31,TCS,1191.76,1208.71,1191.4,1196.09,2355069
2023-08-01,TCS,1180.5,1185.62,1176.39,1179.07,1306125
2023-08-02,TCS,1221.44,1233.35,1215.58,1226.63,1560207
2023-08-03,TCS,1280.15,1289.06,1265.68,1280.68,1901629
2023-08-04,TCS,1293.58,1294.56,1273.57,1286.56,1540989
2023-08-07,TCS,1307.47,1331.81,1305.68,1323.36,1140169
2023-08-08,TCS,1299.84,1305.79,1299.78,1305.59,1391241
2023-08-09,TCS,1293.86,1307.63,1289.43,1300.37,1086412
2023-08-10,TCS,1323.53,1335.5,1311.66,1323.65,814259
2023-08-11,TCS,1289.2,1304.6,1275.24,1299.0,1344371
2023-08-15,TCS,1267.4,1274.24,1255.91,1271.76,1589840
2023-08-16,TCS,1292.94,1316.38,1272.2,1278.31,1504288
2023-08-17,TCS,1229.44,1248.12,1215.05,1238.05,610362
2023-08-18,TCS,1271.62,1297.16,1269.32,1272.31,2071286
2023-08-21,TCS,1288.59,1293.0,1277.82,1287.38,1267638
2023-08-22,TCS,1290.17,1309.42,1265.82,1292.25,1032776
2023-08-23,TCS,1298.07,1306.7,1296.07,1306.12,1820457
2023-08-24,TCS,1293.6,1296.46,1278.23,1287.31,768505
2023-08-25,TCS,1255.78,1273.81,1242.04,1268.17,2265715
2023-08-28,TCS,1278.94,1288.97,1271.66,1285.4,1196903
2023-08-29,TCS,1303.38,1310.58,1282.83,1305.11,696056
2023-08-30,TCS,1304.0,1317.77,1295.59,1308.42,1447453
2023-08-31,TCS,1315.19,1328.46,1292.71,1307.78,833079
2023-09-01,TCS,1294.58,1298.71,1277.09,1296.97,1005632
2023-09-04,TCS,1338.98,1347.54,1326.0,1326.66,642998
2023-09-05,TCS,1295.48,1305.82,1281.97,1295.96,1822683
2023-09-06,TCS,1288.22,1311.26,1256.34,1278.75,2011866
2023-09-07,TCS,1270.48,1270.55,1264.22,1268.24,1538806
2023-09-08,TCS,1236.04,1239.58,1224.57,1238.07,1650574
2023-09-11,TCS,1210.26,1218.46,1205.33,1212.51,658153
2023-09-12,TCS,1198.8,1205.93,1183.43,1193.17,1642203
2023-09-13,TCS,1209.3,1229.27,1207.5,1213.15,1633357
2023-09-14,TCS,1248.44,1254.58,1237.77,1249.22,856260
2023-09-15,TCS,1251.18,1278.74,1228.83,1256.77,1112128
2023-09-18,TCS,1212.01,1228.13,1205.44,1225.15,2219634
2023-09-19,TCS,1216.59,1224.47,1207.19,1213.86,1849164
2023-09-20,TCS,1215.06,1224.35,1210.47,1211.75,2399492
2023-09-22,TCS,1199.19,1214.51,1198.2,1207.09,787585
2023-09-25,TCS,1202.77,1210.44,1198.76,1200.49,1430732
2023-09-26,TCS,1208.93,1215.45,1202.12,1211.0,1203153
2023-09-27,TCS,1162.65,1174.52,1159.39,1174.45,1585900
2023-09-28,TCS,1158.16,1182.13,1152.68,1164.22,1849604
2023-09-29,TCS,1172.15,1177.74,1166.75,1168.79,1797716
2023-10-02,TCS,1188.47,1207.13,1179.58,1182.86,2168724
2023-10-03,TCS,1190.73,1191.99,1188.53,1188.92,1236263
2023-10-04,TCS,1206.15,1213.8,1175.7,1189.97,1007369
2023-10-05,TCS,1189.68,1196.13,1176.59,1188.07,842863
2023-10-06,TCS,1171.33,1178.56,1169.29,1176.24,2107542
2023-10-09,TCS,1169.53,1191.99,1163.54,1178.73,1281673
2023-10-10,TCS,1184.14,1192.87,1169.85,1175.76,2210702
2023-10-11,TCS,1160.31,1171.68,1154.41,1163.5,2212867
2023-10-12,TCS,1184.45,1190.85,1183.37,1187.11,1377527
2023-10-13,TCS,1205.51,1224.86,1200.09,1210.92,1423690
2023-10-16,TCS,1199.49,1220.95,1197.16,1204.84,774246
2023-10-17,TCS,1215.33,1226.08,1207.75,1217.94,1243245
2023-10-18,TCS,1245.24,1258.61,1236.55,1242.71,1224341
2023-10-19,TCS,1252.37,1264.75,1241.62,1249.27,692364
2023-10-20,TCS,1255.0,1266.35,1245.56,1253.1,1667110
2023-10-23,TCS,1270.17,1276.26,1257.84,1264.42,2042538
2023-10-24,TCS,1229.55,1237.55,1222.95,1232.83,1574306
2023-10-25,TCS,1199.86,1216.28,1189.65,1206.28,1487892
2023-10-26,TCS,1217.24,1226.63,1214.97,1217.77,1617936
2023-10-27,TCS,1211.67,1226.86,1208.82,1224.53,692176
2023-10-30,TCS,1258.27,1268.17,1244.86,1253.05,705431
2023-10-31,TCS,1247.66,1259.38,1239.15,1244.59,796968
2023-11-01,TCS,1271.41,1272.9,1264.36,1268.14,1949218
2023-11-02,TCS,1284.18,1295.81,1271.38,1291.35,931655
2023-11-03,TCS,1330.87,1355.67,1330.44,1334.3,863644
2023-11-06,TCS,1318.94,1323.72,1315.54,1318.9,1063003
2023-11-07,TCS,1306.26,1316.72,1293.68,1313.05,1758474
2023-11-08,TCS,1313.13,1324.29,1311.73,1320.48,1151421
2023-11-09,TCS,1326.25,1341.63,1310.84,1327.76,632628
2023-11-10,TCS,1309.27,1317.25,1301.35,1308.39,1686093
2023-11-13,TCS,1293.73,1301.74,1278.28,1298.18,1923866
2023-11-14,TCS,1279.54,1282.99,1261.45,1273.04,1854868
2023-11-15,TCS,1337.24,1337.59,1316.52,1322.59,2331086
2023-11-16,TCS,1326.63,1330.8,1305.61,1322.87,1091686
2023-11-17,TCS,1323.05,1341.7,1316.98,1324.35,813364
2023-11-20,TCS,1310.9,1315.37,1293.93,1313.1,1116821
2023-11-21,TCS,1325.9,1328.77,1297.95,1315.32,922133
2023-11-22,TCS,1335.69,1340.2,1329.39,1333.71,1827116
2023-11-23,TCS,1332.37,1339.82,1323.61,1328.36,1121633
2023-11-24,TCS,1330.88,1333.09,1305.5,1329.45,1531769
2023-11-27,TCS,1374.17,1385.86,1371.98,1378.17,2083823
2023-11-28,TCS,1411.06,1424.38,1393.15,1400.45,840899
2023-11-29,TCS,1405.79,1409.06,1399.7,1407.56,1603187
2023-11-30,TCS,1400.91,1410.35,1395.95,1399.89,2113411
2023-12-01,TCS,1385.99,1408.79,1378.81,1401.17,861041
2023-12-04,TCS,1401.42,1406.96,1380.05,1386.38,1963087
2023-12-06,TCS,1399.38,1411.19,1391.79,1394.15,636724
2023-12-07,TCS,1380.22,1397.45,1380.07,1380.95,2162461
2023-12-08,TCS,1361.08,1373.49,1360.36,1366.6,2282827
2023-12-11,TCS,1354.97,1373.8,1342.37,1359.24,870828
2023-12-12,TCS,1326.02,1350.62,1316.77,1337.58,1042595
2023-12-13,TCS,1346.17,1349.81,1321.08,1343.09,1611284
2023-12-14,TCS,1393.29,1402.86,1388.26,1399.52,1566292
2023-12-15,TCS,1389.74,1393.65,1370.98,1386.85,2176711
2023-12-18,TCS,1354.62,1359.56,1328.65,1351.63,1555286
2023-12-19,TCS,1386.64,1391.31,1372.96,1373.46,1673457
2023-12-20,TCS,1373.47,1382.27,1366.57,1372.05,1878948
2023-12-21,TCS,1418.98,1428.8,1408.11,1416.93,1758037
2023-12-22,TCS,1429.84,1459.15,1422.85,1426.27,2123136
2023-12-25,TCS,1443.7,1453.98,1432.9,1448.24,761443
2023-12-26,TCS,1429.15,1431.27,1428.91,1430.92,1158494
2023-12-27,TCS,1397.64,1400.1,1380.5,1395.34,1266721
2023-12-28,TCS,1399.69,1416.33,1386.36,1391.56,699479
2023-12-29,TCS,1411.99,1416.63,1386.54,1406.66,1561248
2024-01-01,TCS,1385.77,1390.09,1384.1,1387.54,2172795
2024-01-02,TCS,1361.14,1384.08,1351.88,1352.73,1141897
2024-01-03,TCS,1337.46,1349.83,1335.01,1339.86,836531
2024-01-04,TCS,1320.2,1337.3,1319.5,1330.22,2068229
2024-01-05,TCS,1333.61,1342.43,1322.53,1323.02,1395820
2024-01-08,TCS,1322.35,1325.1,1314.2,1321.99,856234
2024-01-09,TCS,1370.15,1373.97,1369.67,1373.05,1411109
2024-01-10,TCS,1365.19,1377.87,1358.74,1373.21,1676830
2024-01-11,TCS,1359.15,1368.96,1352.33,1361.83,1550103
2024-01-12,TCS,1349.54,1360.17,1331.15,1337.87,1369998
2024-01-15,TCS,1354.41,1354.98,1341.01,1354.44,1633992
2024-01-16,TCS,1335.13,1336.63,1311.02,1320.0,1805784
2024-01-17,TCS,1350.76,1352.86,1342.78,1350.14,2156116
2024-01-18,TCS,1357.38,1359.03,1343.12,1349.25,1751185
2024-01-19,TCS,1317.23,1318.92,1314.03,1316.53,1831363
2024-01-22,TCS,1317.09,1327.15,1314.39,1319.63,876223
2024-01-23,TCS,1314.09,1323.48,1313.14,1316.43,1091640
2024-01-24,TCS,1340.31,1356.83,1332.86,1341.6,1356927
2024-01-25,TCS,1301.62,1333.31,1295.19,1309.07,997934
2024-01-26,TCS,1304.78,1316.63,1286.51,1312.45,952440
2024-01-29,TCS,1314.13,1320.06,1310.42,1311.24,824386
2024-01-30,TCS,1338.55,1355.61,1327.35,1329.7,2094866
2024-01-31,TCS,1306.48,1316.08,1294.06,1304.91,1359159
2024-02-01,TCS,1288.76,1303.94,1264.41,1287.9,2271541
2024-02-02,TCS,1322.5,1340.65,1316.74,1328.02,2340578
2024-02-05,TCS,1347.09,1357.81,1328.79,1338.9,724603
2024-02-06,TCS,1314.24,1321.9,1297.41,1306.77,2343150
2024-02-07,TCS,1305.52,1321.54,1294.57,1312.59,1008384
2024-02-08,TCS,1296.27,1298.07,1290.21,1295.23,1814053
2024-02-09,TCS,1278.55,1292.25,1269.78,1280.12,2217440
2024-02-12,TCS,1245.64,1255.25,1244.35,1254.49,1169996
2024-02-13,TCS,1284.23,1288.97,1261.9,1273.35,1078520
2024-02-14,TCS,1269.6,1279.66,1258.96,1261.52,1841016
2024-02-15,TCS,1267.14,1268.81,1248.24,1264.53,1339044
2024-02-16,TCS,1274.65,1283.13,1260.39,1265.07,745634
2024-02-19,TCS,1231.25,1248.08,1224.76,1233.82,1143433
2024-02-21,TCS,1220.59,1225.11,1204.92,1218.32,1740126
2024-02-22,TCS,1241.28,1247.16,1210.27,1232.34,1811918
2024-02-23,TCS,1199.74,1206.25,1198.31,1200.94,2187390
2024-02-26,TCS,1207.16,1207.67,1200.03,1204.74,1372614
2024-02-27,TCS,1196.51,1223.24,1196.11,1201.79,2184462
2024-02-28,TCS,1217.81,1230.66,1209.78,1213.28,948254
2024-02-29,TCS,1233.39,1233.61,1213.56,1225.68,2158178
2024-03-01,TCS,1235.44,1245.57,1234.92,1240.97,1180068
2024-03-04,TCS,1236.84,1243.39,1228.44,1241.22,793187
2024-03-05,TCS,1245.49,1255.78,1232.3,1245.42,2131116
2024-03-06,TCS,1239.76,1260.89,1230.35,1230.62,1409122
2024-03-07,TCS,1216.52,1220.97,1192.34,1219.17,2044859
2024-03-08,TCS,1231.24,1249.74,1221.93,1235.96,920579
2024-03-11,TCS,1223.2,1236.78,1219.06,1223.42,2396319
2024-03-12,TCS,1250.31,1265.4,1237.57,1242.78,2278566
2024-03-13,TCS,1252.68,1270.56,1245.0,1261.95,882408
2024-03-14,TCS,1244.55,1248.81,1239.36,1245.22,2293079
2024-03-15,TCS,1264.28,1264.79,1247.5,1255.65,2229724
2024-03-18,TCS,1238.89,1254.73,1232.76,1238.73,2257466
2024-03-19,TCS,1243.33,1245.48,1238.73,1244.75,1006665
2024-03-20,TCS,1234.31,1240.45,1219.77,1228.71,1726592
2024-03-21,TCS,1227.44,1237.82,1219.44,1234.62,2094248
2024-03-22,TCS,1250.33,1262.61,1225.57,1237.28,2123660
2024-03-25,TCS,1219.46,1220.45,1214.34,1216.25,1480873
2024-03-26,TCS,1253.94,1265.37,1243.76,1256.08,1255400
2024-03-27,TCS,1275.69,1278.69,1270.28,1274.9,2278594
2024-03-28,TCS,1241.99,1243.59,1236.75,1242.17,1563700
2024-03-29,TCS,1246.93,1256.29,1235.37,1248.54,2137910
2024-04-01,TCS,1232.13,1254.52,1225.96,1239.56,724139
2024-04-02,TCS,1278.86,1286.57,1264.44,1280.27,739562
2024-04-03,TCS,1267.74,1296.64,1256.05,1278.62,2102286
2024-04-04,TCS,1295.24,1296.73,1266.46,1286.25,1960539
2024-04-05,TCS,1274.97,1288.94,1267.14,1282.12,1031511
2024-04-08,TCS,1290.04,1309.98,1274.51,1294.73,1895125
2024-04-09,TCS,1278.27,1284.03,1272.81,1283.34,745131
2024-04-10,TCS,1269.32,1279.47,1254.32,1264.71,1377305
2024-04-11,TCS,1253.17,1254.82,1251.59,1254.39,889879
2024-04-12,TCS,1254.61,1266.43,1225.87,1245.63,630786
2024-04-15,TCS,1254.98,1261.09,1250.27,1257.85,1485199
2024-04-16,TCS,1260.28,1262.49,1247.28,1259.33,2273164
2024-04-17,TCS,1249.75,1259.65,1243.47,1250.15,2213378
2024-04-18,TCS,1239.7,1254.07,1226.24,1241.81,2217968
2024-04-19,TCS,1230.41,1231.22,1219.62,1223.57,1236973
2024-04-22,TCS,1233.4,1239.68,1214.59,1225.85,2244816
2024-04-23,TCS,1194.29,1204.71,1173.16,1186.49,708346
2024-04-24,TCS,1173.9,1188.98,1168.07,1182.09,1393395
2024-04-25,TCS,1206.55,1222.18,1190.13,1204.45,1569209
2024-04-26,TCS,1190.59,1216.92,1177.66,1197.32,2003846
2024-04-29,TCS,1177.86,1205.0,1170.21,1184.7,1534694
2024-04-30,TCS,1174.66,1186.9,1173.1,1185.37,1346975
2024-05-01,TCS,1162.2,1182.74,1161.98,1167.73,2113915
2024-05-02,TCS,1156.98,1168.54,1151.91,1153.53,2119858
2024-05-03,TCS,1174.17,1182.4,1151.66,1166.05,1710508
2024-05-06,TCS,1164.19,1170.15,1151.71,1154.16,1866346
2024-05-07,TCS,1185.25,1193.74,1171.04,1190.66,927585
2024-05-08,TCS,1197.06,1209.8,1190.49,1200.82,801316
2024-05-09,TCS,1200.12,1214.83,1194.23,1198.72,921464
2024-05-10,TCS,1187.68,1198.48,1184.19,1186.82,1027185
2024-05-13,TCS,1183.13,1188.8,1181.05,1181.85,646174
2024-05-14,TCS,1129.69,1142.24,1115.74,1139.69,1220581
2024-05-15,TCS,1142.94,1157.29,1132.06,1144.04,1686831
2024-05-16,TCS,1163.66,1163.85,1160.2,1160.29,1984501
2024-05-17,TCS,1172.37,1175.16,1167.23,1170.84,2351600
2024-05-20,TCS,1161.99,1172.23,1158.12,1162.7,663895
2024-05-21,TCS,1169.82,1178.59,1162.41,1174.1,2254005
2024-05-22,TCS,1185.47,1193.81,1168.42,1186.03,2390826
2024-05-23,TCS,1192.93,1209.12,1176.88,1183.47,1625752
2024-05-24,TCS,1192.99,1198.58,1181.02,1190.01,1971003
2024-05-27,TCS,1216.18,1222.3,1202.97,1209.82,1876105
2024-05-28,TCS,1228.71,1244.82,1213.38,1218.61,1442322
2024-05-29,TCS,1204.57,1213.53,1190.84,1211.19,1993338
2024-05-30,TCS,1215.39,1223.42,1197.43,1211.36,1615858
2024-05-31,TCS,1217.02,1222.7,1200.02,1214.25,1901668
2024-06-03,TCS,1191.31,1210.88,1176.04,1183.5,972505
2024-06-04,TCS,1184.42,1196.85,1179.81,1185.91,1492137
2024-06-05,TCS,1182.09,1186.01,1169.42,1183.45,1712433
2024-06-06,TCS,1139.32,1161.92,1130.05,1143.16,1012578
2024-06-07,TCS,1113.23,1115.35,1108.86,1112.3,1624588
2024-06-10,TCS,1143.0,1156.14,1140.98,1144.72,665573
2024-06-11,TCS,1145.57,1148.97,1138.65,1146.57,1425385
2024-06-12,TCS,1173.27,1187.04,1166.38,1171.45,810025
2024-06-13,TCS,1162.11,1173.0,1158.75,1164.47,1807152
2024-06-14,TCS,1187.67,1196.1,1184.25,1193.37,2364151
2024-06-17,TCS,1201.66,1212.62,1193.21,1204.29,2230985
2024-06-18,TCS,1187.8,1207.87,1181.65,1191.24,2271223
2024-06-19,TCS,1198.97,1199.23,1194.79,1196.6,667066
2024-06-20,TCS,1234.48,1254.36,1214.45,1227.02,1131776
2024-06-21,TCS,1272.53,1278.37,1267.02,1274.91,967812
2024-06-24,TCS,1269.65,1304.12,1267.45,1285.6,1661077
2024-06-25,TCS,1280.14,1281.08,1253.73,1276.63,1713234
2024-06-26,TCS,1258.7,1273.69,1250.98,1259.3,1855063
2024-06-27,TCS,1267.2,1276.73,1261.36,1273.42,1152949
2024-06-28,TCS,1294.28,1313.75,1285.42,1296.14,1479087
2024-07-01,TCS,1311.22,1313.21,1298.97,1299.39,673757
2024-07-02,TCS,1287.58,1317.83,1287.23,1297.51,1963363
2024-07-03,TCS,1307.06,1338.5,1306.49,1314.96,1430298
2024-07-04,TCS,1325.02,1350.73,1311.79,1325.69,1443287
2024-07-05,TCS,1313.48,1356.71,1303.51,1334.54,1390947
2024-07-08,TCS,1299.56,1303.32,1298.75,1302.83,1851290
2024-07-09,TCS,1302.54,1315.07,1290.07,1296.5,1456466
2024-07-10,TCS,1340.11,1343.76,1333.15,1336.77,1472927
2024-07-11,TCS,1339.22,1341.47,1327.4,1337.0,920734
2024-07-12,TCS,1387.88,1393.79,1384.84,1390.52,2097624
2024-07-15,TCS,1398.34,1407.2,1394.59,1399.77,753622
2024-07-16,TCS,1412.86,1424.21,1376.26,1394.04,808414
2024-07-17,TCS,1402.35,1406.02,1395.45,1401.01,2317012
2024-07-18,TCS,1424.51,1439.13,1391.2,1415.27,827027
2024-07-22,TCS,1390.64,1419.57,1379.12,1399.72,1418222
2024-07-23,TCS,1407.33,1419.55,1405.63,1405.89,1987054
2024-07-24,TCS,1399.48,1415.13,1390.3,1397.23,977054
2024-07-25,TCS,1431.64,1437.4,1429.86,1430.83,2096469
2024-07-26,TCS,1405.46,1431.94,1405.28,1421.17,1574725
2024-07-29,TCS,1421.29,1429.52,1399.69,1424.58,1001798
2024-07-30,TCS,1401.3,1408.63,1385.12,1391.44,1340984
2024-07-31,TCS,1365.54,1378.98,1350.16,1362.04,2120599
2024-08-01,TCS,1355.12,1368.37,1348.12,1360.71,1709494
2024-08-02,TCS,1347.19,1359.92,1321.16,1341.59,1984393
2024-08-05,TCS,1323.11,1342.04,1310.87,1335.92,1244834
2024-08-06,TCS,1345.2,1347.19,1339.48,1341.56,972094
2024-08-07,TCS,1356.33,1360.84,1329.14,1354.26,2230278
2024-08-08,TCS,1320.38,1324.99,1319.48,1324.72,1545449
2024-08-09,TCS,1314.38,1326.44,1313.73,1321.4,1003059
2024-08-12,TCS,1324.69,1360.54,1323.98,1336.09,2338200
2024-08-13,TCS,1320.57,1328.2,1308.55,1322.32,1682147
2024-08-14,TCS,1306.59,1315.38,1273.08,1295.64,1431170
2024-08-16,TCS,1287.23,1296.89,1276.43,1281.97,1131294
2024-08-19,TCS,1318.75,1332.59,1306.34,1316.33,2124345
2024-08-20,TCS,1323.14,1338.64,1290.8,1317.33,1986890
2024-08-21,TCS,1346.89,1361.66,1340.79,1351.18,1952896
2024-08-22,TCS,1348.44,1357.21,1340.44,1345.19,1922418
2024-08-23,TCS,1351.37,1386.67,1350.63,1371.67,1927566
2024-08-26,TCS,1337.36,1359.07,1324.73,1340.96,1219496
2024-08-27,TCS,1332.64,1347.72,1325.79,1336.17,2176395
2024-08-28,TCS,1337.88,1356.6,1333.6,1338.68,1689016
2024-08-29,TCS,1375.95,1377.87,1374.72,1377.49,2167192
2024-08-30,TCS,1392.26,1396.44,1386.05,1388.55,2070893
2024-09-02,TCS,1409.51,1420.09,1398.07,1414.3,1439281
2024-09-03,TCS,1411.61,1414.98,1398.82,1405.51,2262433
2024-09-04,TCS,1394.73,1412.98,1389.14,1396.87,1287174
2024-09-05,TCS,1432.14,1446.16,1423.44,1426.33,1121309
2024-09-06,TCS,1460.41,1461.07,1456.86,1459.99,2004066
2024-09-09,TCS,1495.59,1500.42,1484.65,1489.72,1606424
2024-09-10,TCS,1522.45,1544.15,1511.68,1519.41,2284140
2024-09-11,TCS,1502.54,1509.16,1499.48,1507.56,689653
2024-09-12,TCS,1562.26,1566.87,1557.1,1561.31,2109998
2024-09-13,TCS,1555.72,1577.36,1540.42,1566.45,2144799
2024-09-16,TCS,1599.38,1626.25,1597.73,1599.52,1628680
2024-09-17,TCS,1622.27,1622.42,1600.16,1619.75,853976
2024-09-18,TCS,1573.09,1584.83,1564.35,1575.81,1088540
2024-09-19,TCS,1526.63,1557.95,1515.05,1528.42,1178120
2024-09-20,TCS,1497.38,1509.51,1476.2,1490.58,2163381
2024-09-23,TCS,1498.71,1524.28,1470.26,1490.25,1580249
2024-09-24,TCS,1528.24,1553.44,1515.41,1518.0,2296171
2024-09-25,TCS,1508.0,1514.78,1494.85,1512.84,1247311
2024-09-26,TCS,1530.44,1545.65,1522.44,1534.24,1455616
2024-09-27,TCS,1510.48,1527.64,1500.92,1505.05,2206504
2024-09-30,TCS,1497.08,1512.04,1478.73,1490.95,826762
2024-10-01,TCS,1456.56,1477.56,1437.65,1470.46,1993840
2024-10-02,TCS,1486.04,1507.4,1465.94,1472.01,1221941
2024-10-03,TCS,1453.79,1455.2,1442.84,1445.93,1240224
2024-10-04,TCS,1434.86,1446.46,1415.9,1444.33,1452206
2024-10-07,TCS,1466.84,1481.97,1452.03,1458.88,845800
2024-10-08,TCS,1445.46,1464.66,1432.72,1448.92,1579936
2024-10-09,TCS,1427.8,1443.08,1421.34,1429.09,1884554
2024-10-10,TCS,1412.13,1425.38,1391.39,1419.5,869685
2024-10-11,TCS,1386.68,1395.42,1382.29,1392.76,1033984
2024-10-14,TCS,1367.58,1376.9,1366.46,1370.58,1989776
2024-10-15,TCS,1389.3,1409.56,1386.55,1389.03,1535666
2024-10-16,TCS,1389.25,1401.52,1370.06,1397.34,1120752
2024-10-17,TCS,1365.39,1366.42,1345.79,1366.19,2290202
2024-10-18,TCS,1355.59,1364.23,1351.48,1360.74,1570818
2024-10-21,TCS,1367.42,1380.93,1360.88,1371.37,791505
2024-10-23,TCS,1383.33,1394.61,1369.93,1389.81,2090694
2024-10-24,TCS,1400.16,1419.19,1388.83,1404.89,739718
2024-10-25,TCS,1438.97,1466.18,1413.41,1427.88,705256
2024-10-28,TCS,1415.89,1432.94,1407.19,1427.76,1088299
2024-10-29,TCS,1418.45,1446.52,1409.19,1428.17,2348147
2024-10-30,TCS,1422.5,1434.87,1407.5,1423.33,1543454
2024-10-31,TCS,1445.42,1454.86,1438.39,1449.38,788293
2024-11-01,TCS,1462.15,1472.68,1447.08,1470.23,1692925
2024-11-04,TCS,1516.37,1519.77,1505.16,1513.67,2014346
2024-11-05,TCS,1532.55,1568.33,1527.2,1541.96,2191312
2024-11-06,TCS,1522.49,1524.1,1501.33,1522.92,1000817
2024-11-07,TCS,1494.86,1504.13,1480.1,1488.17,1887799
2024-11-08,TCS,1459.9,1465.59,1448.87,1456.17,914277
2024-11-11,TCS,1433.78,1445.76,1418.31,1436.22,1664048
2024-11-12,TCS,1450.89,1458.55,1443.07,1451.24,608634
2024-11-13,TCS,1420.6,1431.65,1410.3,1419.76,2380247
2024-11-14,TCS,1378.83,1387.51,1357.74,1375.06,2011008
2024-11-15,TCS,1364.81,1374.7,1354.98,1371.72,1738903
2024-11-18,TCS,1398.68,1418.22,1384.64,1390.24,2115582
2024-11-19,TCS,1413.22,1428.0,1407.4,1408.3,724467
2024-11-20,TCS,1460.17,1466.36,1437.05,1447.08,1768104
2024-11-21,TCS,1452.48,1454.14,1430.9,1446.78,1242038
2024-11-22,TCS,1441.33,1446.41,1430.01,1434.35,1440637
2024-11-25,TCS,1406.35,1443.28,1387.67,1427.78,1041193
2024-11-26,TCS,1394.42,1404.11,1386.5,1397.88,939273
2024-11-27,TCS,1395.73,1411.02,1361.47,1383.22,1375835
2024-11-28,TCS,1414.62,1418.97,1411.59,1412.28,1262678
2024-11-29,TCS,1457.18,1472.23,1438.83,1460.89,915403
2024-12-02,TCS,1496.0,1498.7,1482.27,1491.21,2131744
2024-12-03,TCS,1498.8,1507.92,1488.61,1498.54,1470470
2024-12-04,TCS,1495.5,1501.96,1492.16,1492.9,2344906
2024-12-05,TCS,1493.13,1515.15,1486.72,1498.92,1073189
2023-01-02,NIFTY50,998.24,999.14,989.94,997.89,1403067
2023-01-03,NIFTY50,1017.02,1032.5,1016.73,1022.38,1852596
2023-01-04,NIFTY50,1032.96,1041.88,1022.35,1025.92,1647781
2023-01-05,NIFTY50,1055.33,1058.66,1050.96,1056.01,1086885
2023-01-06,NIFTY50,1049.96,1065.6,1048.58,1055.68,1841531
2023-01-09,NIFTY50,1058.92,1066.15,1057.51,1060.11,616517
2023-01-10,NIFTY50,1044.44,1049.7,1040.83,1042.57,612936
2023-01-12,NIFTY50,1010.52,1013.53,1008.57,1010.32,727380
2023-01-13,NIFTY50,1009.45,1014.87,1001.37,1003.95,890341
2023-01-16,NIFTY50,1003.51,1011.67,998.29,1005.33,2312101
2023-01-17,NIFTY50,996.28,1007.78,991.53,1000.16,1533259
2023-01-18,NIFTY50,981.61,984.15,979.17,979.18,622137
2023-01-19,NIFTY50,996.21,999.79,989.24,989.9,1018086
2023-01-20,NIFTY50,986.59,1000.87,985.35,991.4,1790630
2023-01-23,NIFTY50,984.03,1010.54,977.11,991.92,783087
2023-01-24,NIFTY50,976.83,993.25,975.7,980.01,2141630
2023-01-25,NIFTY50,1006.17,1009.66,996.6,1006.58,1123876
2023-01-26,NIFTY50,1025.71,1048.23,1017.5,1031.05,2399179
2023-01-27,NIFTY50,1037.33,1040.38,1031.76,1036.53,1458102
2023-01-30,NIFTY50,1030.49,1038.75,1017.8,1034.99,1380246
2023-01-31,NIFTY50,1044.17,1047.77,1039.14,1039.57,1768415
2023-02-01,NIFTY50,1062.19,1079.76,1057.93,1068.57,1918147
2023-02-02,NIFTY50,1112.98,1128.92,1108.92,1118.14,1013064
2023-02-03,NIFTY50,1119.11,1129.34,1109.51,1118.77,2385262
2023-02-06,NIFTY50,1115.25,1125.05,1111.33,1111.56,1670882
2023-02-07,NIFTY50,1085.1,1097.4,1075.51,1080.18,1840013
2023-02-08,NIFTY50,1126.1,1133.79,1109.61,1130.06,1604942
2023-02-09,NIFTY50,1110.7,1119.97,1109.51,1110.67,721340
2023-02-10,NIFTY50,1129.67,1145.75,1125.08,1126.71,1318128
2023-02-13,NIFTY50,1144.2,1145.24,1130.69,1136.18,1371038
2023-02-14,NIFTY50,1155.88,1170.17,1152.62,1161.14,1269536
2023-02-15,NIFTY50,1138.45,1150.27,1128.63,1145.68,1268221
2023-02-16,NIFTY50,1119.36,1121.38,1107.93,1116.75,2016577
2023-02-17,NIFTY50,1118.34,1131.31,1110.57,1119.83,1254482
2023-02-20,NIFTY50,1135.16,1137.04,1123.24,1127.65,1433982
2023-02-21,NIFTY50,1149.07,1165.24,1147.3,1149.02,659087
2023-02-22,NIFTY50,1120.57,1123.06,1113.62,1118.85,1194772
2023-02-23,NIFTY50,1106.71,1113.79,1098.66,1111.16,1229137
2023-02-24,NIFTY50,1108.36,1113.23,1104.96,1106.9,1337827
2023-02-27,NIFTY50,1090.12,1094.01,1071.25,1083.58,1015310
2023-02-28,NIFTY50,1079.74,1081.39,1074.29,1081.17,1993292
2023-03-01,NIFTY50,1088.89,1103.04,1083.83,1095.52,1611170
2023-03-02,NIFTY50,1100.09,1103.42,1089.05,1095.34,1050556
2023-03-03,NIFTY50,1069.04,1084.73,1054.93,1070.8,2024658
2023-03-06,NIFTY50,1077.37,1088.44,1058.7,1077.17,657200
2023-03-07,NIFTY50,1088.49,1099.37,1073.57,1092.5,1104419
2023-03-08,NIFTY50,1107.43,1107.66,1096.01,1102.34,765274
2023-03-09,NIFTY50,1112.53,1117.45,1105.2,1116.8,1851634
2023-03-10,NIFTY50,1085.32,1094.67,1078.32,1088.05,1034160
2023-03-13,NIFTY50,1096.47,1097.34,1080.16,1096.54,1020902
2023-03-14,NIFTY50,1106.33,1113.52,1095.22,1107.56,1871269
2023-03-15,NIFTY50,1088.88,1106.85,1084.84,1101.34,2179767
2023-03-16,NIFTY50,1103.28,1115.1,1086.59,1100.8,1058519
2023-03-17,NIFTY50,1081.25,1097.71,1072.01,1087.7,1163896
2023-03-20,NIFTY50,1111.18,1113.62,1103.41,1109.87,2016941
2023-03-21,NIFTY50,1102.74,1108.5,1083.55,1105.01,1183390
2023-03-22,NIFTY50,1088.06,1098.17,1080.0,1088.85,1819446
2023-03-23,NIFTY50,1088.4,1097.43,1080.94,1092.54,1939169
2023-03-27,NIFTY50,1088.99,1100.01,1077.97,1094.92,1700926
2023-03-28,NIFTY50,1107.82,1113.72,1090.61,1107.15,2101711
2023-03-29,NIFTY50,1093.94,1110.14,1084.22,1092.88,1815794
2023-03-30,NIFTY50,1086.87,1088.63,1073.54,1081.53,805726
2023-03-31,NIFTY50,1091.43,1093.85,1073.03,1088.62,1795616
2023-04-03,NIFTY50,1124.68,1134.04,1115.85,1128.76,2076239
2023-04-04,NIFTY50,1144.19,1148.58,1127.3,1137.68,1649963
2023-04-05,NIFTY50,1125.71,1143.64,1112.48,1113.57,1882046
2023-04-06,NIFTY50,1120.9,1122.19,1114.13,1117.03,1209542
2023-04-07,NIFTY50,1102.44,1110.4,1102.05,1103.62,1492952
2023-04-10,NIFTY50,1066.49,1075.43,1050.0,1071.8,2231394
2023-04-11,NIFTY50,1060.88,1064.98,1055.86,1060.54,1840767
2023-04-12,NIFTY50,1043.55,1063.52,1043.24,1051.23,1943195
2023-04-13,NIFTY50,1062.78,1066.92,1054.97,1058.71,1329710
2023-04-14,NIFTY50,1079.58,1086.35,1073.61,1081.78,1669460
2023-04-17,NIFTY50,1098.82,1106.68,1094.42,1102.13,650669
2023-04-18,NIFTY50,1118.24,1134.15,1098.6,1116.96,958892
2023-04-19,NIFTY50,1102.65,1117.88,1083.29,1109.69,1714175
2023-04-20,NIFTY50,1103.08,1121.63,1092.88,1112.92,2226728
2023-04-21,NIFTY50,1110.06,1121.51,1101.9,1112.65,805485
2023-04-24,NIFTY50,1145.27,1152.31,1137.55,1138.51,1310746
2023-04-25,NIFTY50,1122.18,1134.18,1109.08,1127.13,2146245
2023-04-26,NIFTY50,1122.39,1132.59,1115.94,1117.69,1404969
2023-04-27,NIFTY50,1134.57,1153.87,1133.93,1145.26,941164
2023-04-28,NIFTY50,1155.83,1169.46,1145.65,1156.37,1051676
2023-05-01,NIFTY50,1151.31,1167.14,1146.26,1148.55,1790240
2023-05-02,NIFTY50,1162.17,1165.65,1142.81,1152.06,1860112
2023-05-03,NIFTY50,1144.96,1162.47,1137.1,1155.3,745416
2023-05-04,NIFTY50,1158.73,1167.12,1150.25,1159.29,2199049
2023-05-05,NIFTY50,1169.24,1180.06,1165.1,1174.74,2175278
2023-05-08,NIFTY50,1183.78,1186.36,1177.33,1182.17,2307131
2023-05-09,NIFTY50,1175.75,1189.0,1174.4,1179.19,2326203
2023-05-10,NIFTY50,1170.57,1183.66,1162.8,1170.15,1727120
2023-05-11,NIFTY50,1134.21,1143.12,1132.85,1138.69,1903324
2023-05-12,NIFTY50,1127.92,1136.12,1127.65,1131.23,2203934
2023-05-15,NIFTY50,1154.78,1155.85,1140.21,1152.66,758168
2023-05-16,NIFTY50,1165.79,1179.01,1151.89,1157.36,613478
2023-05-17,NIFTY50,1146.82,1155.25,1140.59,1145.81,844464
2023-05-18,NIFTY50,1142.35,1161.07,1137.53,1141.84,947988
2023-05-19,NIFTY50,1123.97,1128.15,1117.34,1126.76,932251
2023-05-22,NIFTY50,1141.24,1147.03,1118.61,1132.51,981415
2023-05-23,NIFTY50,1158.51,1193.75,1150.06,1170.04,2348707
2023-05-24,NIFTY50,1192.78,1215.49,1177.31,1204.96,1582454
2023-05-25,NIFTY50,1223.92,1236.32,1216.34,1228.9,986675
2023-05-26,NIFTY50,1247.5,1251.31,1243.96,1244.97,1556682
2023-05-29,NIFTY50,1246.69,1254.15,1231.32,1241.03,953981
2023-05-30,NIFTY50,1220.42,1234.15,1200.92,1217.17,1276575
2023-05-31,NIFTY50,1222.34,1224.02,1201.61,1217.97,992863
2023-06-01,NIFTY50,1210.63,1212.28,1206.03,1209.84,701875
2023-06-02,NIFTY50,1223.61,1230.57,1215.85,1226.69,1423133
2023-06-05,NIFTY50,1223.73,1232.1,1195.73,1230.44,1928005
2023-06-06,NIFTY50,1222.3,1242.34,1210.64,1219.78,648473
2023-06-07,NIFTY50,1223.29,1244.33,1208.27,1229.3,1605425
2023-06-08,NIFTY50,1291.37,1313.2,1275.01,1288.88,1291953
2023-06-09,NIFTY50,1275.46,1291.15,1264.95,1270.97,1038865
2023-06-12,NIFTY50,1290.83,1296.12,1288.34,1295.03,2290860
2023-06-13,NIFTY50,1305.04,1318.3,1303.03,1308.17,1351012
2023-06-14,NIFTY50,1303.07,1312.89,1292.78,1306.87,1640842
2023-06-15,NIFTY50,1296.02,1311.76,1286.17,1291.83,1779297
2023-06-16,NIFTY50,1293.8,1298.08,1288.92,1293.01,848233
2023-06-19,NIFTY50,1293.79,1304.81,1288.84,1298.33,1012231
2023-06-20,NIFTY50,1316.75,1322.73,1312.13,1315.22,1065391
2023-06-21,NIFTY50,1340.71,1352.56,1313.87,1330.94,1202247
2023-06-22,NIFTY50,1340.23,1342.6,1326.33,1338.58,1606123
2023-06-23,NIFTY50,1325.42,1330.96,1315.08,1324.81,1752265
2023-06-26,NIFTY50,1329.17,1335.29,1320.16,1332.04,2217894
2023-06-27,NIFTY50,1316.56,1344.3,1315.91,1322.9,1084876
2023-06-28,NIFTY50,1301.53,1304.09,1300.37,1301.72,2104812
2023-06-29,NIFTY50,1321.55,1343.06,1315.84,1321.32,1015408
2023-06-30,NIFTY50,1305.87,1317.05,1302.09,1308.09,856821
2023-07-03,NIFTY50,1291.36,1295.88,1273.42,1284.01,1457257
2023-07-04,NIFTY50,1284.78,1296.66,1276.02,1286.48,1893530
2023-07-05,NIFTY50,1246.81,1261.1,1244.77,1248.0,2330023
2023-07-06,NIFTY50,1248.37,1261.83,1240.27,1247.37,1162508
2023-07-07,NIFTY50,1260.16,1269.31,1248.1,1257.03,1629836
2023-07-10,NIFTY50,1237.93,1253.18,1222.65,1249.25,1571966
2023-07-11,NIFTY50,1256.12,1271.07,1251.67,1254.67,2103302
2023-07-12,NIFTY50,1307.29,1320.49,1296.46,1299.4,1336003
2023-07-13,NIFTY50,1322.49,1343.61,1318.22,1330.05,609012
2023-07-14,NIFTY50,1353.15,1361.68,1333.76,1350.74,789745
2023-07-17,NIFTY50,1360.8,1384.54,1352.86,1364.45,2376125
2023-07-18,NIFTY50,1346.98,1355.17,1341.53,1353.84,1965997
2023-07-19,NIFTY50,1353.03,1360.87,1339.37,1351.45,1985613
2023-07-20,NIFTY50,1345.03,1347.94,1340.63,1345.9,1388352
2023-07-21,NIFTY50,1332.99,1350.68,1314.22,1347.09,954290
2023-07-24,NIFTY50,1346.08,1359.16,1338.63,1350.21,1468252
2023-07-25,NIFTY50,1338.6,1352.85,1316.51,1333.4,671493
2023-07-26,NIFTY50,1364.69,1376.74,1340.46,1368.87,977018
2023-07-27,NIFTY50,1341.63,1354.46,1338.16,1346.79,1503446
2023-07-28,NIFTY50,1352.52,1366.08,1346.17,1355.19,1735359
2023-07-31,NIFTY50,1375.13,1385.34,1372.15,1378.36,1159341
2023-08-01,NIFTY50,1383.16,1399.41,1354.19,1378.26,1718413
2023-08-02,NIFTY50,1358.15,1377.17,1350.54,1364.08,2278733
2023-08-03,NIFTY50,1357.21,1379.66,1340.99,1365.29,1842588
2023-08-04,NIFTY50,1411.72,1421.54,1392.02,1408.89,1981169
2023-08-07,NIFTY50,1430.4,1431.9,1411.55,1423.57,726165
2023-08-08,NIFTY50,1422.23,1426.51,1411.13,1417.49,2046554
2023-08-09,NIFTY50,1437.1,1444.81,1421.0,1431.32,1737988
2023-08-10,NIFTY50,1422.56,1428.46,1420.87,1427.33,686166
2023-08-11,NIFTY50,1375.32,1403.53,1374.24,1385.6,626296
2023-08-14,NIFTY50,1386.51,1402.24,1367.95,1391.51,1909712
2023-08-16,NIFTY50,1415.11,1424.79,1410.94,1415.43,1437805
2023-08-17,NIFTY50,1430.05,1443.09,1421.78,1442.34,1539822
2023-08-18,NIFTY50,1439.03,1444.35,1437.46,1441.34,1598467
2023-08-21,NIFTY50,1413.53,1422.16,1396.52,1409.61,1750399
2023-08-22,NIFTY50,1432.36,1457.59,1420.5,1437.43,1620933
2023-08-23,NIFTY50,1448.34,1454.67,1417.82,1434.37,861131
2023-08-24,NIFTY50,1457.16,1462.31,1441.14,1451.91,1102567
2023-08-25,NIFTY50,1469.88,1489.12,1460.61,1478.94,1757592
2023-08-28,NIFTY50,1479.01,1507.92,1478.07,1487.49,2333084
2023-08-29,NIFTY50,1481.18,1488.89,1453.78,1486.53,1979232
2023-08-30,NIFTY50,1477.14,1477.77,1461.8,1472.12,2319337
2023-08-31,NIFTY50,1465.65,1477.71,1445.13,1462.41,1060799
2023-09-01,NIFTY50,1459.39,1465.3,1440.92,1463.59,2297254
2023-09-04,NIFTY50,1454.3,1458.72,1439.0,1453.21,903287
2023-09-05,NIFTY50,1467.77,1469.85,1455.12,1462.12,1203143
2023-09-06,NIFTY50,1420.98,1431.02,1407.99,1417.44,607207
2023-09-07,NIFTY50,1383.8,1407.82,1382.72,1395.01,904918
2023-09-08,NIFTY50,1387.01,1395.36,1386.04,1394.64,2147710
2023-09-11,NIFTY50,1373.14,1388.72,1372.98,1379.51,821736
2023-09-12,NIFTY50,1356.13,1387.3,1347.06,1367.96,1314324
2023-09-13,NIFTY50,1349.09,1359.51,1328.93,1343.5,1199615
2023-09-15,NIFTY50,1353.82,1361.65,1344.76,1358.27,1088926
2023-09-18,NIFTY50,1389.78,1405.27,1386.76,1394.43,1048323
2023-09-19,NIFTY50,1366.53,1381.66,1365.68,1372.34,1466479
2023-09-20,NIFTY50,1399.97,1401.0,1391.53,1398.01,1476666
2023-09-21,NIFTY50,1369.69,1378.91,1357.51,1365.99,2147157
2023-09-22,NIFTY50,1373.64,1383.84,1362.48,1369.19,2083770
2023-09-25,NIFTY50,1334.11,1349.94,1316.98,1326.11,891658
2023-09-26,NIFTY50,1330.28,1339.35,1329.84,1336.56,1972777
2023-09-27,NIFTY50,1347.74,1352.48,1331.35,1337.1,1924885
2023-09-28,NIFTY50,1356.51,1364.52,1327.98,1340.19,2146072
2023-09-29,NIFTY50,1362.91,1368.82,1343.18,1366.61,713763
2023-10-02,NIFTY50,1377.1,1383.17,1367.42,1379.68,2232496
2023-10-03,NIFTY50,1383.1,1404.89,1373.14,1379.1,1751587
2023-10-04,NIFTY50,1369.35,1385.8,1345.75,1361.11,2361616
2023-10-05,NIFTY50,1360.25,1372.83,1353.04,1362.17,1640196
2023-10-06,NIFTY50,1341.59,1348.3,1335.66,1347.08,2205503
2023-10-09,NIFTY50,1351.6,1364.9,1332.5,1337.92,1444347
2023-10-10,NIFTY50,1366.36,1378.53,1341.82,1369.86,1216762
2023-10-11,NIFTY50,1370.11,1403.57,1365.75,1389.09,2104916
2023-10-12,NIFTY50,1398.99,1405.59,1375.61,1395.37,667669
2023-10-13,NIFTY50,1416.22,1417.75,1399.51,1409.34,1341140
2023-10-16,NIFTY50,1388.59,1399.81,1353.37,1377.0,1560294
2023-10-17,NIFTY50,1391.22,1400.3,1369.58,1379.16,1476993
2023-10-18,NIFTY50,1362.66,1365.48,1341.7,1342.12,1608500
2023-10-19,NIFTY50,1323.94,1339.04,1315.51,1327.67,795831
2023-10-20,NIFTY50,1328.72,1339.32,1317.24,1335.3,1340011
2023-10-23,NIFTY50,1333.33,1347.72,1320.46,1343.1,1110827
2023-10-24,NIFTY50,1369.42,1370.51,1345.18,1357.92,1480438
2023-10-25,NIFTY50,1357.92,1371.49,1338.57,1360.92,1833892
2023-10-26,NIFTY50,1350.16,1377.7,1342.36,1361.59,923293
2023-10-27,NIFTY50,1347.05,1365.61,1340.17,1361.05,1092117
2023-10-30,NIFTY50,1392.3,1402.9,1386.18,1391.47,1063852
2023-10-31,NIFTY50,1417.05,1436.84,1415.39,1420.15,1382248
2023-11-01,NIFTY50,1388.95,1389.54,1372.6,1386.84,1844928
2023-11-02,NIFTY50,1383.08,1399.51,1381.1,1389.06,1806035
2023-11-03,NIFTY50,1412.09,1431.35,1406.76,1417.35,1702661
2023-11-06,NIFTY50,1414.06,1437.06,1404.76,1410.82,689604
2023-11-07,NIFTY50,1413.52,1427.24,1401.45,1414.99,949379
2023-11-08,NIFTY50,1404.56,1435.48,1387.12,1400.58,1088067
2023-11-09,NIFTY50,1372.09,1386.69,1368.75,1373.02,1297659
2023-11-10,NIFTY50,1372.94,1394.11,1342.98,1374.96,816839
2023-11-13,NIFTY50,1367.3,1369.19,1356.45,1364.9,1827831
2023-11-14,NIFTY50,1357.9,1379.6,1344.84,1360.17,2118570
2023-11-15,NIFTY50,1328.88,1330.08,1318.68,1327.75,2090588
2023-11-16,NIFTY50,1304.83,1313.69,1285.37,1301.98,1105574
2023-11-17,NIFTY50,1294.36,1305.49,1283.36,1297.72,724848
2023-11-20,NIFTY50,1286.1,1296.62,1270.67,1286.91,1413015
2023-11-21,NIFTY50,1297.14,1299.57,1277.45,1296.53,1063599
2023-11-22,NIFTY50,1277.25,1278.22,1259.65,1273.04,1744422
2023-11-23,NIFTY50,1287.06,1289.29,1283.46,1285.6,1046916
2023-11-24,NIFTY50,1296.83,1297.71,1294.46,1295.3,1650110
2023-11-27,NIFTY50,1297.99,1307.32,1293.86,1295.06,1774006
2023-11-28,NIFTY50,1304.15,1310.76,1303.98,1306.24,1174201
2023-11-29,NIFTY50,1304.43,1305.17,1295.12,1302.18,1878857
2023-11-30,NIFTY50,1290.92,1303.19,1288.25,1295.73,2357354
2023-12-01,NIFTY50,1280.87,1302.28,1270.42,1292.67,771264
2023-12-04,NIFTY50,1266.76,1267.71,1261.02,1264.25,1414694
2023-12-05,NIFTY50,1248.53,1261.94,1241.71,1260.89,2115639
2023-12-06,NIFTY50,1273.34,1279.63,1272.0,1274.39,2247477
2023-12-07,NIFTY50,1248.83,1266.79,1236.06,1239.44,2157232
2023-12-08,NIFTY50,1254.82,1259.66,1246.07,1250.39,935206
2023-12-11,NIFTY50,1228.71,1256.68,1228.61,1235.04,732811
2023-12-12,NIFTY50,1229.7,1230.68,1210.35,1225.29,2396705
2023-12-13,NIFTY50,1225.66,1238.03,1210.96,1224.28,1942638
2023-12-14,NIFTY50,1221.19,1238.49,1204.32,1226.36,2227152
2023-12-15,NIFTY50,1249.84,1257.24,1247.06,1250.53,1043930
2023-12-18,NIFTY50,1241.41,1245.8,1234.59,1244.79,2243602
2023-12-19,NIFTY50,1274.35,1281.79,1274.06,1276.41,1427424
2023-12-20,NIFTY50,1276.39,1288.37,1273.87,1274.36,677587
2023-12-21,NIFTY50,1271.45,1297.51,1266.52,1281.4,683386
2023-12-22,NIFTY50,1297.8,1324.21,1288.88,1292.44,1015717
2023-12-25,NIFTY50,1288.67,1295.74,1269.1,1275.98,1567412
2023-12-26,NIFTY50,1249.68,1271.39,1238.97,1250.73,1552669
2023-12-27,NIFTY50,1244.26,1261.13,1231.86,1250.37,1657980
2023-12-28,NIFTY50,1259.25,1275.29,1250.3,1261.86,2297717
2023-12-29,NIFTY50,1284.62,1291.26,1271.91,1276.89,989278
2024-01-01,NIFTY50,1264.02,1267.97,1260.33,1267.24,2343474
2024-01-02,NIFTY50,1304.12,1306.18,1294.14,1301.08,1203780
2024-01-03,NIFTY50,1311.04,1322.76,1291.59,1296.37,1076843
2024-01-04,NIFTY50,1275.85,1281.62,1271.42,1280.48,718993
2024-01-05,NIFTY50,1303.32,1308.85,1300.25,1302.69,1962860
2024-01-08,NIFTY50,1323.08,1328.59,1309.47,1326.87,1851778
2024-01-09,NIFTY50,1303.16,1321.09,1297.25,1305.58,2269793
2024-01-10,NIFTY50,1322.66,1330.41,1308.38,1321.88,1511267
2024-01-11,NIFTY50,1289.77,1315.19,1282.93,1294.58,1492590
2024-01-12,NIFTY50,1297.73,1300.17,1293.51,1294.8,2345889
2024-01-15,NIFTY50,1343.32,1353.51,1335.16,1342.14,1609989
2024-01-16,NIFTY50,1377.82,1378.05,1352.81,1369.87,1055221
2024-01-17,NIFTY50,1390.12,1396.65,1381.24,1385.39,1727790
2024-01-18,NIFTY50,1402.66,1402.99,1373.61,1399.98,2212541
2024-01-19,NIFTY50,1392.33,1398.6,1377.72,1381.99,1619658
2024-01-22,NIFTY50,1388.54,1408.07,1366.85,1389.85,1682968
2024-01-23,NIFTY50,1404.91,1424.83,1392.33,1400.47,2251664
2024-01-24,NIFTY50,1373.88,1379.09,1373.85,1378.22,2264817
2024-01-25,NIFTY50,1393.43,1393.67,1373.64,1383.51,1772400
2024-01-26,NIFTY50,1391.62,1401.18,1380.32,1396.56,2176065
2024-01-29,NIFTY50,1409.25,1409.97,1394.94,1402.34,1365199
2024-01-30,NIFTY50,1408.16,1423.07,1388.76,1413.05,1438726
2024-01-31,NIFTY50,1410.76,1411.32,1379.65,1409.04,689497
2024-02-01,NIFTY50,1378.05,1389.64,1353.97,1385.15,980600
2024-02-02,NIFTY50,1382.04,1404.52,1379.04,1387.08,2299860
2024-02-05,NIFTY50,1340.27,1348.15,1322.56,1346.36,2180119
2024-02-06,NIFTY50,1335.47,1348.61,1322.9,1332.29,1737704
2024-02-07,NIFTY50,1360.89,1366.87,1352.21,1357.04,1148578
2024-02-08,NIFTY50,1403.27,1422.67,1379.74,1397.68,1311602
2024-02-09,NIFTY50,1411.38,1412.28,1402.99,1408.22,1775085
2024-02-12,NIFTY50,1355.42,1360.89,1354.71,1356.43,762334
2024-02-13,NIFTY50,1392.2,1400.25,1376.84,1387.18,2012227
2024-02-14,NIFTY50,1412.05,1427.37,1393.06,1400.77,2267766
2024-02-15,NIFTY50,1395.95,1406.67,1376.5,1398.07,607799
2024-02-16,NIFTY50,1411.77,1430.3,1398.85,1416.5,1200731
2024-02-19,NIFTY50,1435.1,1441.21,1419.18,1430.54,1439765
2024-02-20,NIFTY50,1419.99,1420.86,1400.07,1405.16,1705698
2024-02-22,NIFTY50,1377.96,1393.96,1361.53,1377.94,1402700
2024-02-23,NIFTY50,1401.01,1427.35,1394.23,1402.67,1339167
2024-02-26,NIFTY50,1347.65,1366.52,1346.5,1353.82,881102
2024-02-27,NIFTY50,1364.22,1378.53,1342.09,1368.51,2129527
2024-02-28,NIFTY50,1371.34,1378.97,1352.46,1377.14,1721459
2024-02-29,NIFTY50,1394.57,1402.02,1387.54,1400.62,699983
2024-03-01,NIFTY50,1450.28,1463.73,1433.39,1442.02,1461709
2024-03-04,NIFTY50,1485.13,1485.49,1459.09,1475.1,1386376
2024-03-05,NIFTY50,1515.77,1516.91,1509.48,1514.25,1108765
2024-03-06,NIFTY50,1537.97,1543.11,1529.85,1536.38,2354205
2024-03-07,NIFTY50,1558.22,1562.28,1542.14,1551.07,1919541
2024-03-08,NIFTY50,1581.18,1584.34,1579.1,1580.14,1045954
2024-03-11,NIFTY50,1584.01,1595.97,1575.54,1582.24,1348502
2024-03-12,NIFTY50,1567.27,1582.49,1549.35,1561.73,952135
2024-03-13,NIFTY50,1562.76,1570.69,1542.32,1562.14,1237842
2024-03-14,NIFTY50,1535.73,1579.95,1517.76,1525.06,734848
2024-03-15,NIFTY50,1539.32,1542.96,1498.14,1514.01,1546598
2024-03-18,NIFTY50,1568.12,1575.96,1558.11,1567.14,2358622
2024-03-19,NIFTY50,1585.77,1588.36,1561.71,1582.56,1723468
2024-03-20,NIFTY50,1574.98,1581.85,1543.03,1580.48,645956
2024-03-21,NIFTY50,1565.23,1581.64,1564.93,1567.72,1405855
2024-03-22,NIFTY50,1527.87,1543.08,1519.06,1526.21,1156541
2024-03-25,NIFTY50,1519.48,1526.61,1504.06,1515.33,2332723
2024-03-26,NIFTY50,1498.33,1506.29,1498.2,1498.76,1611084
2024-03-27,NIFTY50,1492.88,1509.25,1492.12,1500.79,632055
2024-03-29,NIFTY50,1508.61,1514.82,1494.15,1504.72,1326566
2024-04-01,NIFTY50,1502.07,1517.37,1494.32,1505.06,1624928
2024-04-02,NIFTY50,1465.61,1473.93,1454.04,1461.68,895348
2024-04-03,NIFTY50,1497.21,1498.94,1467.6,1497.86,865483
2024-04-04,NIFTY50,1510.34,1511.44,1507.35,1510.3,1093443
2024-04-05,NIFTY50,1512.73,1521.39,1501.38,1512.31,1772046
2024-04-08,NIFTY50,1491.38,1521.88,1491.19,1506.25,1792422
2024-04-09,NIFTY50,1528.97,1529.25,1509.12,1518.62,853423
2024-04-10,NIFTY50,1544.9,1566.14,1541.02,1550.88,1326810
2024-04-11,NIFTY50,1571.56,1574.97,1546.48,1567.7,2075197
2024-04-12,NIFTY50,1545.8,1549.01,1528.7,1540.54,2120993
2024-04-15,NIFTY50,1508.29,1525.86,1493.76,1511.52,2362374
2024-04-16,NIFTY50,1448.09,1466.21,1441.78,1456.95,795212
2024-04-17,NIFTY50,1466.36,1485.72,1456.77,1461.19,1817903
2024-04-18,NIFTY50,1473.15,1491.52,1471.5,1479.19,1465274
2024-04-19,NIFTY50,1509.79,1510.82,1502.23,1509.41,1873436
2024-04-22,NIFTY50,1518.12,1529.89,1510.38,1513.69,2078436
2024-04-23,NIFTY50,1531.91,1535.41,1513.5,1534.56,1181144
2024-04-24,NIFTY50,1501.22,1530.3,1493.16,1513.17,1780242
2024-04-25,NIFTY50,1522.45,1530.3,1517.76,1526.64,1503005
2024-04-26,NIFTY50,1529.08,1545.85,1520.48,1524.37,1593229
2024-04-29,NIFTY50,1503.75,1519.97,1493.22,1508.93,2062906
2024-04-30,NIFTY50,1476.85,1488.69,1459.61,1469.58,2368450
2024-05-01,NIFTY50,1486.98,1509.68,1475.39,1497.55,1169857
2024-05-02,NIFTY50,1438.99,1455.63,1432.37,1445.1,2105506
2024-05-03,NIFTY50,1448.19,1472.12,1442.37,1460.14,1781396
2024-05-07,NIFTY50,1435.93,1445.04,1429.73,1442.03,1060276
2024-05-08,NIFTY50,1468.26,1472.05,1449.77,1456.58,2181315
2024-05-09,NIFTY50,1448.96,1454.74,1443.85,1444.21,1427374
2024-05-10,NIFTY50,1460.84,1471.71,1454.28,1462.16,2004804
2024-05-13,NIFTY50,1453.59,1457.57,1434.45,1457.53,1869364
2024-05-14,NIFTY50,1442.53,1451.35,1430.31,1433.8,1380924
2024-05-15,NIFTY50,1422.06,1428.5,1420.69,1422.4,960875
2024-05-16,NIFTY50,1380.24,1405.25,1372.09,1386.59,1446388
2024-05-17,NIFTY50,1404.28,1408.48,1381.07,1393.08,1658921
2024-05-20,NIFTY50,1408.05,1421.34,1405.83,1416.86,2244665
2024-05-21,NIFTY50,1428.57,1442.97,1423.3,1426.79,830016
2024-05-22,NIFTY50,1434.61,1453.23,1424.51,1429.61,1440134
2024-05-23,NIFTY50,1467.23,1476.68,1451.38,1459.79,1536857
2024-05-24,NIFTY50,1447.68,1463.62,1429.24,1433.21,997553
2024-05-27,NIFTY50,1452.84,1465.71,1432.74,1446.4,1254936
2024-05-28,NIFTY50,1442.4,1464.74,1432.91,1447.03,815616
2024-05-29,NIFTY50,1445.17,1451.79,1431.31,1436.58,2154589
2024-05-30,NIFTY50,1452.21,1458.1,1440.92,1449.67,1367231
2024-05-31,NIFTY50,1415.46,1427.06,1413.66,1423.77,1218965
2024-06-03,NIFTY50,1413.82,1436.84,1389.6,1421.13,1291290
2024-06-04,NIFTY50,1423.77,1429.98,1419.39,1429.24,1735153
2024-06-05,NIFTY50,1388.44,1414.53,1374.04,1403.26,2195134
2024-06-06,NIFTY50,1401.67,1409.94,1395.03,1398.41,750804
2024-06-07,NIFTY50,1414.84,1420.45,1406.61,1410.65,1350467
2024-06-10,NIFTY50,1436.44,1448.88,1431.85,1432.72,1780376
2024-06-11,NIFTY50,1406.11,1440.34,1402.78,1411.7,1692248
2024-06-12,NIFTY50,1432.41,1433.39,1430.92,1432.58,1877470
2024-06-13,NIFTY50,1434.93,1453.06,1426.22,1426.26,1990023
2024-06-14,NIFTY50,1431.7,1446.61,1427.1,1428.81,1002049
2024-06-17,NIFTY50,1415.91,1423.15,1409.53,1416.75,1711067
2024-06-18,NIFTY50,1429.86,1450.55,1411.84,1434.98,1762675
2024-06-19,NIFTY50,1419.17,1432.17,1413.55,1419.3,1703281
2024-06-20,NIFTY50,1435.39,1440.75,1425.49,1426.16,2040473
2024-06-21,NIFTY50,1435.59,1438.63,1429.44,1435.26,1549534
2024-06-24,NIFTY50,1469.89,1482.43,1448.12,1453.13,1323971
2024-06-25,NIFTY50,1447.01,1447.14,1421.51,1429.59,1647737
2024-06-26,NIFTY50,1453.14,1456.82,1434.19,1447.82,1933204
2024-06-27,NIFTY50,1437.42,1462.0,1433.86,1449.01,1982265
2024-06-28,NIFTY50,1481.75,1490.84,1466.38,1483.49,1708615
2024-07-01,NIFTY50,1485.31,1494.16,1474.11,1475.78,1017146
2024-07-02,NIFTY50,1458.92,1480.93,1456.21,1462.85,616053
2024-07-03,NIFTY50,1457.05,1469.16,1446.61,1461.92,2226964
2024-07-04,NIFTY50,1455.34,1458.04,1448.44,1455.03,1880718
2024-07-05,NIFTY50,1471.03,1477.95,1445.83,1451.48,803403
2024-07-08,NIFTY50,1419.47,1442.06,1413.66,1422.69,1867902
2024-07-09,NIFTY50,1363.19,1381.35,1355.39,1376.44,1472557
2024-07-10,NIFTY50,1346.85,1352.32,1343.95,1344.81,2002761
2024-07-11,NIFTY50,1335.22,1340.54,1321.89,1332.47,1308422
2024-07-12,NIFTY50,1347.03,1355.99,1338.15,1341.95,717284
2024-07-15,NIFTY50,1336.17,1350.23,1334.04,1335.57,1586141
2024-07-16,NIFTY50,1317.86,1327.07,1305.99,1315.5,1891709
2024-07-17,NIFTY50,1309.53,1313.35,1289.78,1312.51,1465329
2024-07-18,NIFTY50,1320.49,1327.0,1309.07,1314.09,1486289
2024-07-19,NIFTY50,1373.66,1391.1,1360.56,1373.74,2009356
2024-07-22,NIFTY50,1406.14,1423.87,1381.2,1402.43,1045765
2024-07-23,NIFTY50,1401.85,1421.4,1401.32,1406.95,1410062
2024-07-25,NIFTY50,1384.51,1396.03,1374.8,1374.88,2120567
2024-07-26,NIFTY50,1373.06,1376.26,1358.8,1371.3,647870
2024-07-29,NIFTY50,1362.08,1375.24,1347.8,1364.93,2242881
2024-07-30,NIFTY50,1377.78,1379.14,1353.77,1377.4,721633
2024-07-31,NIFTY50,1417.51,1427.11,1411.52,1425.27,1230821
2024-08-01,NIFTY50,1419.88,1441.66,1416.39,1424.09,2372123
2024-08-02,NIFTY50,1385.95,1389.33,1365.9,1380.19,2390456
2024-08-05,NIFTY50,1382.16,1384.22,1365.06,1377.92,1996397
2024-08-06,NIFTY50,1347.42,1368.88,1337.67,1341.74,1887799
2024-08-07,NIFTY50,1365.05,1373.8,1353.32,1360.17,917971
2024-08-08,NIFTY50,1382.89,1391.25,1377.55,1384.76,2218690
2024-08-09,NIFTY50,1393.32,1400.28,1388.63,1392.55,1551868
2024-08-12,NIFTY50,1373.09,1385.6,1337.02,1360.19,1600200
2024-08-13,NIFTY50,1356.0,1368.77,1334.91,1356.68,746600
2024-08-14,NIFTY50,1373.09,1393.14,1357.92,1383.66,638731
2024-08-15,NIFTY50,1361.93,1371.05,1354.97,1362.01,1138864
2024-08-16,NIFTY50,1346.74,1364.3,1331.47,1349.56,1566796
2024-08-20,NIFTY50,1354.74,1373.93,1353.74,1355.49,1430487
2024-08-21,NIFTY50,1366.79,1377.14,1356.41,1366.73,1781524
2024-08-22,NIFTY50,1361.76,1374.9,1359.05,1368.88,1883975
2024-08-23,NIFTY50,1379.58,1415.84,1372.41,1376.78,776097
2024-08-26,NIFTY50,1380.55,1390.78,1376.14,1381.81,954624
2024-08-27,NIFTY50,1373.38,1406.03,1361.74,1369.48,807506
2024-08-28,NIFTY50,1363.21,1385.69,1355.27,1368.13,1020881
2024-08-29,NIFTY50,1367.84,1383.19,1366.95,1374.82,961709
2024-08-30,NIFTY50,1348.37,1360.93,1338.98,1351.47,1980091
2024-09-02,NIFTY50,1367.13,1380.26,1340.11,1356.15,631334
2024-09-03,NIFTY50,1346.24,1371.38,1342.31,1358.74,1360474
2024-09-04,NIFTY50,1376.51,1377.6,1367.4,1369.28,1206600
2024-09-05,NIFTY50,1376.78,1385.68,1375.39,1377.4,944357
2024-09-06,NIFTY50,1362.46,1371.06,1347.0,1354.95,1373098
2024-09-09,NIFTY50,1325.52,1336.34,1324.5,1328.4,1060389
2024-09-10,NIFTY50,1336.47,1343.26,1328.2,1334.2,1717772
2024-09-11,NIFTY50,1333.56,1337.55,1330.23,1331.45,864257
2024-09-12,NIFTY50,1347.89,1372.47,1328.63,1334.06,1075322
2024-09-13,NIFTY50,1321.4,1332.21,1316.15,1322.55,2098043
2024-09-16,NIFTY50,1297.44,1308.69,1279.3,1296.24,1122117
2024-09-17,NIFTY50,1296.94,1308.86,1288.54,1302.26,1806607
2024-09-18,NIFTY50,1301.56,1309.75,1285.88,1299.96,1514220
2024-09-19,NIFTY50,1308.01,1323.5,1303.13,1313.25,2342442
2024-09-20,NIFTY50,1335.7,1337.39,1317.47,1336.84,1220024
2024-09-23,NIFTY50,1363.08,1363.61,1357.12,1360.87,1644353
2024-09-24,NIFTY50,1386.5,1395.47,1376.93,1383.03,946263
2024-09-25,NIFTY50,1355.87,1369.76,1350.93,1362.42,1525564
2024-09-26,NIFTY50,1311.41,1322.66,1309.13,1317.61,1003554
2024-09-27,NIFTY50,1312.36,1317.53,1295.59,1305.13,1850480
2024-09-30,NIFTY50,1276.76,1287.28,1271.38,1280.49,1313212
2024-10-01,NIFTY50,1254.88,1261.92,1250.14,1254.1,642714
2024-10-02,NIFTY50,1265.5,1272.9,1265.12,1267.65,1675809
2024-10-03,NIFTY50,1225.66,1250.08,1218.83,1235.71,775178
2024-10-04,NIFTY50,1253.18,1256.36,1246.21,1254.19,2069315
2024-10-07,NIFTY50,1275.52,1294.71,1265.09,1276.65,1506930
2024-10-08,NIFTY50,1343.87,1354.74,1324.23,1332.48,939320
2024-10-09,NIFTY50,1341.89,1373.22,1335.41,1355.11,1916099
2024-10-10,NIFTY50,1397.56,1416.95,1394.21,1401.64,2251647
2024-10-11,NIFTY50,1391.54,1393.16,1375.67,1387.65,690187
2024-10-14,NIFTY50,1368.87,1379.99,1362.79,1372.91,1127681
2024-10-15,NIFTY50,1379.51,1409.47,1367.09,1394.88,2218466
2024-10-16,NIFTY50,1370.02,1389.35,1363.89,1366.17,1998493
2024-10-17,NIFTY50,1392.42,1411.94,1378.08,1391.64,1695198
2024-10-18,NIFTY50,1379.63,1394.01,1371.28,1385.87,2189371
2024-10-21,NIFTY50,1336.26,1343.51,1316.2,1343.3,1357585
2024-10-22,NIFTY50,1378.85,1385.45,1362.95,1383.96,1064002
2024-10-23,NIFTY50,1360.62,1386.75,1349.99,1359.72,1487043
2024-10-24,NIFTY50,1413.79,1423.78,1409.65,1415.46,1672607
2024-10-25,NIFTY50,1377.81,1387.31,1365.08,1382.77,1186616
2024-10-28,NIFTY50,1366.4,1368.65,1344.87,1364.5,1786054
2024-10-29,NIFTY50,1376.19,1382.73,1367.48,1369.5,875821
2024-10-30,NIFTY50,1365.57,1382.89,1356.76,1370.11,885993
2024-10-31,NIFTY50,1346.2,1352.36,1324.39,1336.24,1388153
2024-11-01,NIFTY50,1338.62,1339.11,1328.6,1338.86,1768048
2024-11-04,NIFTY50,1346.73,1350.11,1326.24,1343.18,1042628
2024-11-05,NIFTY50,1355.66,1368.03,1342.74,1353.31,1350003
2024-11-06,NIFTY50,1322.09,1330.71,1310.59,1319.29,1662266
2024-11-07,NIFTY50,1307.94,1321.41,1306.67,1306.89,1779910
2024-11-08,NIFTY50,1289.84,1314.75,1287.8,1304.99,1517968
2024-11-11,NIFTY50,1315.47,1322.53,1311.18,1322.23,722311
2024-11-12,NIFTY50,1331.33,1339.45,1324.82,1326.06,981571
2024-11-13,NIFTY50,1311.67,1325.99,1302.66,1319.05,843604
2024-11-14,NIFTY50,1310.64,1320.04,1304.65,1310.46,1410536
2024-11-15,NIFTY50,1330.78,1349.41,1307.86,1341.75,1328203
2024-11-18,NIFTY50,1320.01,1335.44,1303.83,1324.64,2240910
2024-11-19,NIFTY50,1340.88,1341.2,1323.52,1331.31,1839369
2024-11-20,NIFTY50,1287.22,1289.89,1263.45,1286.24,2175195
2024-11-21,NIFTY50,1315.75,1335.99,1306.14,1322.05,628439
2024-11-22,NIFTY50,1327.29,1349.3,1311.84,1332.13,1962687
2024-11-25,NIFTY50,1283.97,1304.45,1262.69,1295.5,1627207
2024-11-26,NIFTY50,1310.77,1322.5,1304.16,1308.44,2297004
2024-11-27,NIFTY50,1335.84,1350.73,1319.1,1338.16,1088069
2024-11-28,NIFTY50,1360.32,1364.63,1350.48,1356.14,1954947
2024-11-29,NIFTY50,1362.72,1362.94,1354.38,1358.14,1224827
2024-12-02,NIFTY50,1374.18,1383.4,1372.25,1377.01,1460085
2024-12-03,NIFTY50,1353.84,1375.38,1343.86,1361.1,1111563
2024-12-04,NIFTY50,1346.99,1378.97,1335.74,1355.95,920258
2024-12-05,NIFTY50,1345.04,1358.38,1339.37,1348.58,1072852
